timestamp,vehicle_speed,target_speed,throttle,brake,steering,nearest_obstacle_m,ttc,safety_state,detections,fps
09:23:12,4.00,30.00,1.000,0.000,0.171,26.07391357421875,,SAFE,3,0.1
09:23:12,0.37,24.63,1.000,0.000,0.124,18.210968017578125,,CAUTION,4,0.1
09:23:12,7.04,24.31,0.219,0.000,0.106,18.103302001953125,10.582235210456734,CAUTION,3,0.1
09:23:13,10.05,30.00,1.000,0.000,0.075,,,CLEAR,2,0.1
09:23:13,13.36,19.51,1.000,0.000,0.049,16.573822021484375,5.00656783082551,CAUTION,3,18.6
09:23:13,13.80,30.00,1.000,0.000,0.029,,,CLEAR,5,18.6
09:23:13,13.33,14.01,0.000,1.000,0.015,14.6710205078125,4.575494388450405,CAUTION,3,18.6
09:23:14,13.11,7.84,0.000,1.000,0.004,13.698028564453125,2.6138160167413793,BRAKE,3,18.6
09:23:14,13.64,8.52,0.000,1.000,-0.005,12.8385009765625,4.827938599495711,CAUTION,3,19.9
09:23:14,13.48,9.71,0.047,0.000,-0.012,11.885116577148438,3.235710966343368,BRAKE,2,19.9
09:23:14,11.21,4.86,0.000,0.137,-0.015,11.621292114257812,,CAUTION,4,19.9
09:23:15,10.00,30.00,1.000,0.000,-0.017,,,CLEAR,1,19.9
09:23:15,10.46,9.71,0.316,0.000,-0.019,13.2357177734375,,CAUTION,3,18.8
09:23:15,11.89,12.01,0.000,1.000,-0.020,14.0040283203125,,CAUTION,3,18.8
09:23:15,13.84,30.00,1.000,0.000,-0.020,,,CLEAR,3,18.8
09:23:16,15.95,30.00,1.000,0.000,-0.019,,,CLEAR,3,18.9
09:23:16,17.94,6.83,0.000,1.000,-0.017,12.077545166015625,2.275891436650601,BRAKE,3,18.9
09:23:16,15.96,8.44,0.000,0.432,-0.015,10.903076171875,2.8140315978543953,BRAKE,4,18.9
09:23:17,13.56,5.00,0.000,1.000,-0.014,9.875961303710938,2.928805876361449,BRAKE,3,18.9
09:23:17,10.90,5.00,0.000,0.316,-0.012,9.057144165039062,2.697753891463049,BRAKE,2,18.2
09:23:17,8.93,5.00,0.000,0.238,-0.011,8.361709594726562,3.4544842641801847,BRAKE,1,18.2
09:23:17,7.40,5.00,0.000,0.038,-0.010,7.8039398193359375,3.686802041766889,BRAKE,2,18.2
09:23:18,6.34,5.00,0.000,0.024,-0.009,7.34197998046875,4.6995875863095815,BRAKE,2,18.2
09:23:18,5.54,5.00,0.069,0.000,-0.009,6.929718017578125,4.361897561967021,BRAKE,2,18.3
09:23:18,5.05,5.00,0.066,0.000,-0.008,6.582611083984375,6.221003385016045,BRAKE,2,18.3
09:23:18,4.75,5.00,0.101,0.000,-0.007,6.2230224609375,4.718371401141614,BRAKE,2,18.3
09:23:19,4.59,5.00,0.089,0.000,-0.007,5.9030914306640625,4.705030887507279,BRAKE,2,18.3
09:23:19,4.51,5.00,0.088,0.000,-0.006,5.580352783203125,4.188444370958031,BRAKE,2,20.4
09:23:19,4.46,5.00,0.106,0.000,-0.006,5.286956787109375,4.576431438759582,BRAKE,1,20.4
09:23:19,4.43,0.00,0.000,1.000,-0.005,4.9654541015625,3.5018440053731505,EMERGENCY,2,20.4
09:23:20,0.00,0.00,0.000,1.000,-0.006,4.92730712890625,45.620897352695465,EMERGENCY,2,20.4
09:23:20,0.00,0.00,0.000,1.000,-0.006,4.937469482421875,,EMERGENCY,2,20.3
09:23:20,0.00,0.00,0.000,1.000,-0.006,4.93438720703125,,EMERGENCY,2,20.3
09:23:20,0.00,0.00,0.000,1.000,-0.006,4.9488525390625,,EMERGENCY,2,20.3
09:23:21,0.00,0.00,0.000,1.000,-0.006,4.929840087890625,17.704879959687492,EMERGENCY,2,20.3
09:23:21,0.00,0.00,0.000,1.000,-0.007,4.9283294677734375,28.582935821158546,EMERGENCY,2,20.3
09:23:21,0.00,0.00,0.000,1.000,-0.007,4.920989990234375,10.231446919233903,EMERGENCY,2,20.3
09:23:21,0.00,0.00,0.000,1.000,-0.007,4.9141845703125,18.402462148767192,EMERGENCY,2,20.3
09:23:22,0.00,0.00,0.000,1.000,-0.007,4.9315643310546875,15.905477946739719,EMERGENCY,2,20.3
09:23:22,0.00,0.00,0.000,1.000,-0.007,4.9283294677734375,878.9772875434475,EMERGENCY,2,20.3
09:23:22,0.00,0.00,0.000,1.000,-0.007,4.9244384765625,20.025585955761848,EMERGENCY,2,19.7
09:23:22,0.00,0.00,0.000,1.000,-0.007,4.928619384765625,,EMERGENCY,2,19.7
09:23:23,0.00,0.00,0.000,1.000,-0.008,4.9315643310546875,,EMERGENCY,2,19.7
09:23:23,0.00,0.00,0.000,1.000,-0.008,4.9228363037109375,39.35143561476453,EMERGENCY,2,19.7
09:23:23,0.00,0.00,0.000,1.000,-0.008,4.928619384765625,,EMERGENCY,2,20.5
09:23:23,0.00,0.00,0.000,1.000,-0.008,4.93450927734375,,EMERGENCY,2,20.5
09:23:24,0.00,0.00,0.000,1.000,-0.008,4.93780517578125,,EMERGENCY,2,20.5
09:23:24,0.00,0.00,0.000,1.000,-0.008,4.93450927734375,,EMERGENCY,2,20.5
09:23:24,0.00,0.00,0.000,1.000,-0.008,4.9385833740234375,,EMERGENCY,2,20.3
09:23:24,0.00,0.00,0.000,1.000,-0.009,4.9414520263671875,,EMERGENCY,2,20.3
09:23:25,0.00,5.00,0.782,0.000,-0.009,5.129669189453125,,BRAKE,2,20.3
09:23:25,1.86,5.00,0.269,0.000,-0.008,5.476959228515625,,BRAKE,2,20.3
09:23:25,2.93,5.00,0.035,0.000,-0.007,5.9934844970703125,,BRAKE,2,19.9
09:23:25,3.36,5.00,0.357,0.000,-0.007,6.745819091796875,,BRAKE,3,19.9
09:23:26,1.71,5.00,0.240,0.000,-0.006,7.80657958984375,,BRAKE,3,19.9
09:23:26,2.92,5.00,0.025,0.000,-0.006,8.9588623046875,,BRAKE,3,19.9
09:23:26,0.70,0.31,0.000,1.000,-0.008,10.103546142578125,,CAUTION,3,19.3
09:23:26,1.40,3.83,0.465,0.000,-0.008,11.27685546875,,CAUTION,3,19.3
09:23:27,4.26,6.77,0.486,0.000,-0.007,12.255035400390625,,CAUTION,3,19.3
09:23:27,6.73,8.98,0.664,0.000,-0.006,12.99371337890625,,CAUTION,3,19.3
09:23:27,8.76,10.65,0.211,0.000,-0.004,13.5496826171875,,CAUTION,3,19.3
09:23:27,9.03,0.00,0.000,1.000,-0.003,23.183135986328125,0.2286664913565262,EMERGENCY,2,19.3
09:23:28,7.88,13.41,0.000,1.000,-0.002,14.46942138671875,,CAUTION,3,19.3
09:23:28,8.74,15.10,0.887,0.000,-0.002,15.032272338867188,,CAUTION,3,19.3
09:23:28,12.30,16.24,0.385,0.000,-0.001,15.414337158203125,,CAUTION,3,20.3
09:23:28,13.71,16.04,0.665,0.000,0.000,15.347747802734375,,CAUTION,3,20.3
09:23:29,14.04,15.50,0.206,0.000,0.001,15.166900634765625,33.46902234173176,CAUTION,2,20.3
09:23:29,14.25,15.22,0.537,0.000,0.001,15.07281494140625,,CAUTION,3,20.3
09:23:29,14.11,15.09,0.966,0.000,0.001,15.03033447265625,,CAUTION,2,20.6
09:23:29,14.42,14.85,0.340,0.000,0.001,14.949005126953125,,CAUTION,2,20.6
09:23:30,13.87,6.59,0.000,1.000,0.001,14.455459594726562,2.195757427746621,BRAKE,2,20.6
09:23:30,13.63,13.92,0.000,0.318,0.001,14.640640258789062,5.627856839653364,CAUTION,2,20.6
09:23:30,13.57,14.64,1.000,0.000,0.001,14.88153076171875,,CAUTION,3,20.6
09:23:30,12.93,13.41,0.421,0.000,0.001,14.468551635742188,,CAUTION,3,20.9
09:23:31,13.13,11.99,0.000,0.981,0.001,13.997848510742188,,CAUTION,2,20.9
09:23:31,9.93,0.00,0.000,1.000,0.001,12.76751708984375,0.8792373081344147,EMERGENCY,3,20.9
09:23:31,7.67,0.00,0.000,1.000,0.001,12.053146362304688,1.3519953646130942,EMERGENCY,3,20.9
09:23:31,6.33,4.92,0.075,0.000,0.001,11.639907836914062,37.544284079062244,CAUTION,3,20.7
09:23:31,0.02,0.00,0.000,1.000,0.001,11.053436279296875,1.373546610820469,EMERGENCY,3,20.7
09:23:32,0.34,3.92,0.400,0.000,0.001,11.306137084960938,,CAUTION,3,20.7
09:23:32,0.75,4.13,0.000,1.000,0.001,11.376968383789062,,CAUTION,3,20.7
09:23:32,0.85,3.73,0.000,0.152,0.001,11.243576049804688,5.873693249509181,CAUTION,3,20.7
09:23:32,0.00,3.14,0.000,1.000,0.001,11.046295166015625,,CAUTION,3,20.7
09:23:33,0.00,4.37,1.000,0.000,0.001,11.456985473632812,,CAUTION,3,20.7
09:23:33,0.00,3.96,0.889,0.000,0.001,11.318878173828125,,CAUTION,3,20.7
09:23:33,0.00,8.86,1.000,0.000,0.001,11.05157470703125,2.954260768982523,BRAKE,3,20.2
09:23:33,0.83,4.15,0.000,1.000,0.001,11.383514404296875,,CAUTION,3,20.2
09:23:34,0.35,3.77,0.534,0.000,0.001,11.255584716796875,,CAUTION,3,20.2
09:23:34,0.00,3.38,1.000,0.000,0.001,11.12542724609375,,CAUTION,3,20.2
09:23:34,0.35,2.69,0.366,0.000,0.001,10.89776611328125,,CAUTION,3,20.8
09:23:34,0.37,6.46,1.000,0.000,0.001,11.1090087890625,2.1537712367260733,BRAKE,3,20.8
09:23:35,0.80,3.24,0.125,0.000,0.001,11.0810546875,,CAUTION,3,20.8
09:23:35,0.00,0.00,0.000,1.000,0.001,10.797164916992188,1.1816557006954214,EMERGENCY,3,20.8
09:23:35,0.00,0.00,0.000,1.000,0.001,10.715667724609375,1.693897524687775,EMERGENCY,2,20.8
09:23:35,0.88,0.00,0.000,1.000,0.001,10.71771240234375,1.3868052455323736,EMERGENCY,2,20.9
09:23:36,0.35,0.00,0.000,1.000,0.001,10.729644775390625,1.5442861820444647,EMERGENCY,2,20.9
09:23:36,0.00,2.65,0.447,0.000,0.001,10.883987426757812,,CAUTION,2,20.9
09:23:36,0.49,0.00,0.000,1.000,0.000,10.975433349609375,1.7147221969460549,EMERGENCY,2,20.9
09:23:36,0.00,2.93,1.000,0.000,0.001,10.975006103515625,,CAUTION,2,20.7
09:23:37,0.02,2.91,1.000,0.000,0.001,10.971282958984375,,CAUTION,2,20.7
09:23:37,0.35,3.11,1.000,0.000,0.001,11.035736083984375,,CAUTION,2,20.7
09:23:37,2.95,3.23,0.000,1.000,0.000,11.076904296875,,CAUTION,3,20.7
09:23:37,1.14,2.76,0.000,0.129,0.000,10.92022705078125,,CAUTION,3,20.8
09:23:38,0.00,2.49,0.866,0.000,0.000,10.831451416015625,36.752798252170514,CAUTION,3,20.8
09:23:38,0.00,30.00,1.000,0.000,-0.002,,,CLEAR,2,20.8
09:23:38,1.88,2.92,0.000,1.000,-0.001,10.973342895507812,,CAUTION,3,20.8
09:23:38,0.00,2.85,1.000,0.000,0.000,10.9512939453125,,CAUTION,3,21.0
09:23:39,1.43,9.05,1.000,0.000,-0.000,10.81756591796875,3.017151185476095,BRAKE,2,21.0
09:23:39,0.00,1.94,0.000,0.178,0.000,10.64752197265625,,CAUTION,3,21.0
09:23:39,0.02,2.15,0.885,0.000,0.000,10.715606689453125,,CAUTION,2,21.0
09:23:39,1.08,0.00,0.000,1.000,0.000,10.55438232421875,1.613254604310271,EMERGENCY,2,20.3
09:23:39,0.69,11.62,1.000,0.000,0.000,10.5350341796875,3.873055428898635,BRAKE,3,20.3
09:23:40,0.99,3.21,1.000,0.000,-0.000,11.0692138671875,,CAUTION,2,20.3
09:23:40,0.00,1.58,0.228,0.000,-0.000,10.528244018554688,7.680155230119318,CAUTION,2,20.3
09:23:40,0.00,1.83,0.000,0.532,-0.000,10.6092529296875,,CAUTION,2,19.6
09:23:41,0.00,1.39,0.427,0.000,-0.000,10.46258544921875,4.548421101847785,CAUTION,2,19.6
09:23:41,0.00,1.71,0.736,0.000,-0.000,10.5703125,23.15745871407645,CAUTION,2,19.6
09:23:41,0.42,1.80,0.190,0.000,-0.000,10.59912109375,13.735720881709346,CAUTION,2,19.6
09:23:41,0.01,1.61,0.743,0.000,-0.000,10.5369873046875,129.980778200873,CAUTION,2,18.9
09:23:42,0.03,1.60,0.778,0.000,-0.000,10.533355712890625,,CAUTION,2,18.9
09:23:42,0.35,1.51,0.007,0.000,-0.001,10.504486083984375,75.51240204802544,CAUTION,2,18.9
09:23:42,0.32,1.56,0.190,0.000,-0.000,10.519821166992188,,CAUTION,2,18.9
09:23:42,0.41,2.47,0.678,0.000,-0.000,10.821807861328125,,CAUTION,2,19.9
09:23:43,0.35,1.39,0.000,0.158,-0.000,10.46368408203125,8.60524019188837,CAUTION,2,19.9
09:23:43,0.00,1.19,0.419,0.000,-0.000,10.395843505859375,5.626535655216603,CAUTION,2,19.9
09:23:43,0.34,1.52,0.207,0.000,-0.000,10.506607055664062,,CAUTION,2,19.9
09:23:43,0.00,1.49,0.571,0.000,-0.000,10.497528076171875,,CAUTION,2,20.3
09:23:44,0.34,1.33,0.020,0.000,-0.000,10.442596435546875,,CAUTION,2,20.3
09:23:44,0.00,1.36,0.000,1.000,-0.001,10.451873779296875,,CAUTION,2,20.3
09:23:44,0.61,0.00,0.000,1.000,-0.001,10.412689208984375,1.5616429415575304,EMERGENCY,2,20.3
09:23:44,0.04,1.20,0.492,0.000,-0.001,10.39862060546875,8.40306196240676,CAUTION,3,20.3
09:23:44,0.33,1.33,0.182,0.000,-0.001,10.442596435546875,,CAUTION,2,20.9
09:23:45,0.00,1.42,1.000,0.000,-0.001,10.47454833984375,,CAUTION,2,20.9
09:23:45,0.32,0.88,0.000,0.283,-0.001,10.292724609375,6.044368386138617,CAUTION,2,20.9
09:23:45,0.29,1.26,0.265,0.000,-0.001,10.419586181640625,,CAUTION,2,20.9
09:23:45,0.00,0.00,0.000,1.000,-0.000,10.32080078125,1.0982682601763307,EMERGENCY,2,20.4
09:23:46,0.00,0.86,0.646,0.000,-0.000,10.285797119140625,,CAUTION,2,20.4
09:23:46,0.05,0.92,0.667,0.000,-0.000,10.3082275390625,,CAUTION,2,20.4
09:23:46,0.47,0.89,0.000,0.085,-0.001,10.295440673828125,51.64411891801775,CAUTION,2,20.4
09:23:46,0.34,1.15,0.009,0.000,-0.001,10.384674072265625,,CAUTION,2,20.4
09:23:47,0.32,6.36,1.000,0.000,-0.001,10.28533935546875,2.1209059128769208,BRAKE,2,20.4
09:23:47,0.39,1.08,0.351,0.000,-0.001,10.360382080078125,,CAUTION,2,20.4
09:23:47,0.02,0.75,0.366,0.000,-0.001,10.251434326171875,,CAUTION,2,20.4
09:23:47,0.00,11.31,1.000,0.000,-0.001,10.201416015625,3.768334236514853,BRAKE,2,21.1
09:23:48,0.02,0.67,0.046,0.000,-0.001,10.223785400390625,6.108863856546716,CAUTION,2,21.1
09:23:48,0.43,11.29,1.000,0.000,-0.001,10.256622314453125,3.764867751444455,BRAKE,2,21.1
09:23:48,0.00,0.81,0.928,0.000,-0.001,10.269668579101562,18.954991005171802,CAUTION,2,21.1
09:23:48,0.02,2.22,1.000,0.000,-0.001,10.7408447265625,,CAUTION,2,21.1
09:23:49,0.33,0.56,0.011,0.000,-0.001,10.187393188476562,,CAUTION,2,20.6
09:23:49,0.00,0.53,0.279,0.000,-0.001,10.175872802734375,9071.711104631424,CAUTION,2,20.6
09:23:49,0.00,0.51,0.286,0.000,-0.001,10.171356201171875,,CAUTION,2,20.6
09:23:49,0.33,0.50,0.000,0.104,-0.001,10.165130615234375,304.2582423305512,CAUTION,2,20.6
09:23:50,0.00,0.65,0.505,0.000,-0.001,10.217544555664062,,CAUTION,2,20.9
09:23:50,0.34,0.43,0.000,0.119,-0.001,10.143524169921875,,CAUTION,2,20.9
09:23:50,0.00,0.61,0.600,0.000,-0.001,10.20294189453125,179.16422966472265,CAUTION,2,20.9
09:23:50,0.00,0.41,0.254,0.000,-0.001,10.136199951171875,179.27755332132529,CAUTION,2,20.9
09:23:51,0.00,0.00,0.000,1.000,-0.001,10.18792724609375,1.0414736601157817,EMERGENCY,2,20.3
09:23:51,0.00,1.37,1.000,0.000,-0.001,10.455307006835938,,CAUTION,2,20.3
09:23:51,0.00,0.40,0.315,0.000,-0.001,10.134201049804688,,CAUTION,2,20.3
09:23:51,0.02,0.57,0.435,0.000,-0.001,10.191070556640625,,CAUTION,2,20.3
09:23:52,0.33,0.55,0.000,0.031,-0.001,10.182586669921875,,CAUTION,2,20.3
09:23:52,0.00,0.29,0.190,0.000,-0.001,10.09820556640625,25.66497989670705,CAUTION,2,20.3
09:23:52,0.06,0.36,0.150,0.000,-0.001,10.12030029296875,4.1435436625152855,CAUTION,2,20.3
09:23:52,0.02,0.00,0.000,1.000,-0.001,10.095458984375,1.6274188447416873,EMERGENCY,2,20.3
09:23:52,0.28,0.24,0.000,0.046,-0.001,10.078811645507812,91.2376296135687,CAUTION,2,20.3
09:23:53,0.35,0.51,0.000,0.051,-0.001,10.170379638671875,,CAUTION,2,21.3
09:23:53,0.17,0.25,0.011,0.000,-0.001,10.082199096679688,41.81026237643495,CAUTION,2,21.3
09:23:53,0.00,0.19,0.000,0.931,-0.001,10.06475830078125,,CAUTION,2,21.3
09:23:53,0.35,1.76,0.000,1.000,-0.001,10.586776733398438,,CAUTION,2,21.3
09:23:54,0.01,0.21,0.136,0.000,-0.001,10.0697021484375,18.188363726400663,CAUTION,2,21.0
09:23:54,0.00,1.69,0.699,0.000,-0.001,10.561798095703125,,CAUTION,2,21.0
09:23:54,0.31,0.00,0.000,1.000,-0.001,10.10784912109375,1.142843067754258,EMERGENCY,2,21.0
09:23:54,0.00,1.74,1.000,0.000,-0.001,10.58001708984375,,CAUTION,2,21.0
09:23:55,0.00,0.40,0.000,1.000,-0.001,10.133636474609375,,CAUTION,2,19.9
09:23:55,0.00,10.16,1.000,0.000,-0.001,10.438079833984375,3.386736874338185,BRAKE,2,19.9
09:23:55,0.33,0.69,0.479,0.000,-0.001,10.231414794921875,,CAUTION,2,19.9
09:23:55,0.00,0.00,0.000,1.000,-0.001,10.008224487304688,0.8968559734072715,EMERGENCY,2,19.9
09:23:56,0.31,0.07,0.000,0.328,-0.001,10.022430419921875,6.932837818324071,CAUTION,2,20.6
09:23:56,0.00,0.00,0.000,1.000,-0.001,9.996612548828125,0.9257733168070233,EMERGENCY,2,20.6
09:23:56,0.00,0.89,0.000,0.376,-0.001,10.29559326171875,,CAUTION,2,20.6
09:23:56,0.00,0.26,0.068,0.000,-0.001,10.08551025390625,13.575653425613698,CAUTION,2,20.6
09:23:57,0.08,1.00,1.000,0.000,-0.001,10.334609985351562,,CAUTION,2,19.6
09:23:57,0.00,1.60,1.000,0.000,-0.001,10.53387451171875,,CAUTION,1,19.6
09:23:57,0.00,5.00,1.000,0.000,-0.001,9.963714599609375,4.736548381545289,BRAKE,2,19.6
09:23:57,0.00,0.43,1.000,0.000,-0.000,10.143569946289062,,CAUTION,2,19.6
09:23:58,0.00,0.00,0.000,1.000,-0.001,10.0318603515625,1.1760876373029003,EMERGENCY,3,20.3
09:23:58,0.00,0.25,0.000,0.301,-0.001,10.084625244140625,,CAUTION,2,20.3
09:23:58,0.35,5.00,0.000,1.000,-0.001,9.948013305664062,3.144896806830871,BRAKE,3,20.3
09:23:58,0.46,0.24,0.000,1.000,-0.000,10.078521728515625,,CAUTION,4,20.3
09:23:59,0.22,0.00,0.000,1.000,-0.001,10.000045776367188,,CAUTION,3,20.3
09:23:59,0.00,5.00,1.000,0.000,0.000,9.91412353515625,5.115763721459794,BRAKE,4,20.3
09:23:59,0.85,5.00,0.142,0.000,-0.001,9.9217529296875,,BRAKE,2,20.3
09:23:59,0.34,5.00,1.000,0.000,-0.001,9.89007568359375,3.4865256034591527,BRAKE,4,20.3
09:24:00,2.15,5.00,0.185,0.000,-0.000,9.8194580078125,4.674805163480052,BRAKE,3,20.3
09:24:00,0.67,0.21,0.000,1.000,0.000,10.069625854492188,,CAUTION,3,20.3
09:24:00,0.34,5.00,0.556,0.000,0.000,9.925125122070312,,BRAKE,4,20.3
09:24:00,0.36,0.30,0.000,1.000,-0.001,10.098846435546875,,CAUTION,4,20.3
09:24:01,0.51,5.00,0.694,0.000,-0.000,9.727142333984375,,BRAKE,4,20.3
09:24:01,0.34,5.00,0.554,0.000,-0.000,9.584869384765625,4.504732141423581,BRAKE,3,20.5
09:24:01,0.00,0.06,0.000,1.000,0.000,10.01849365234375,,CAUTION,3,20.5
09:24:01,0.29,0.00,0.000,1.000,0.000,9.604629516601562,1.9134658615209776,EMERGENCY,4,20.5
09:24:02,0.00,0.08,0.212,0.000,0.000,10.025390625,,CAUTION,3,20.5
09:24:02,0.07,0.06,0.167,0.000,0.000,10.02105712890625,5.157454358008892,CAUTION,3,20.7
09:24:02,0.35,5.00,0.550,0.000,0.000,9.733184814453125,3.944128886208844,BRAKE,3,20.7
09:24:02,0.36,5.00,0.539,0.000,0.000,9.758636474609375,3.2763013127817957,BRAKE,4,20.7
09:24:03,0.36,0.00,0.000,1.000,0.000,9.532211303710938,1.2941168318805045,EMERGENCY,3,20.7
09:24:03,1.15,5.00,0.378,0.000,-0.000,9.932861328125,,BRAKE,3,20.7
09:24:03,0.58,5.00,0.642,0.000,0.000,9.78656005859375,,BRAKE,3,21.2
09:24:03,1.19,5.00,0.369,0.000,0.000,9.672195434570312,,BRAKE,3,21.2
09:24:04,2.87,5.00,0.152,0.000,-0.000,9.330963134765625,2.6899501688535272,BRAKE,4,21.2
09:24:04,1.52,5.00,0.177,0.000,0.000,9.36981201171875,,BRAKE,3,21.2
09:24:04,0.00,5.00,1.000,0.000,0.000,9.321121215820312,,BRAKE,4,19.9
09:24:04,0.00,5.00,1.000,0.000,0.000,9.270172119140625,,BRAKE,3,19.9
09:24:05,1.87,5.00,0.466,0.000,0.002,9.387496948242188,,BRAKE,3,19.9
09:24:05,1.04,5.00,0.353,0.000,0.001,9.027008056640625,48.503115990001305,BRAKE,4,19.9
09:24:05,2.93,0.00,0.000,1.000,-0.000,8.904541015625,0.9519236202713577,EMERGENCY,3,19.8
09:24:05,1.75,5.00,0.000,0.082,-0.000,8.84637451171875,4.943915860111495,BRAKE,3,19.8
09:24:06,1.45,5.00,0.559,0.000,0.000,8.757400512695312,10.178724400711703,BRAKE,3,19.8
09:24:06,0.02,5.00,1.000,0.000,-0.001,8.584320068359375,,BRAKE,4,18.6
09:24:06,0.60,5.00,0.616,0.000,-0.000,8.448028564453125,3.304566955359931,BRAKE,3,18.6
09:24:06,2.51,5.00,0.365,0.000,-0.000,8.440597534179688,4.532474194783237,BRAKE,3,18.6
09:24:07,3.56,5.00,0.364,0.000,-0.000,8.267822265625,5.252348238283449,BRAKE,4,18.6
09:24:07,0.00,5.00,0.950,0.000,-0.000,7.991485595703125,,BRAKE,4,19.7
09:24:07,1.78,5.00,0.177,0.000,0.000,8.14251708984375,,BRAKE,4,19.7
09:24:07,1.15,5.00,0.188,0.000,-0.000,7.8695068359375,2.780902339906902,BRAKE,4,19.7
09:24:08,0.00,5.00,1.000,0.000,0.002,7.726806640625,,BRAKE,5,19.7
09:24:08,0.00,5.00,1.000,0.000,0.001,7.704833984375,,BRAKE,4,19.7
09:24:08,2.01,0.00,0.000,1.000,0.000,7.611541748046875,1.1809293380669126,EMERGENCY,4,20.6
09:24:08,0.35,5.00,0.547,0.000,0.001,7.7725830078125,,BRAKE,3,20.6
09:24:09,0.00,5.00,1.000,0.000,0.001,7.8361358642578125,,BRAKE,3,20.6
09:24:09,0.00,5.00,0.959,0.000,0.001,7.545654296875,,BRAKE,3,20.6
09:24:09,0.51,5.00,0.717,0.000,0.001,7.725006103515625,6.582696281330334,BRAKE,3,20.7
09:24:09,0.00,5.00,0.950,0.000,0.001,7.5101470947265625,,BRAKE,4,20.7
09:24:10,0.36,5.00,0.536,0.000,0.001,7.7874298095703125,,BRAKE,4,20.7
09:24:10,0.36,5.00,0.540,0.000,0.001,7.7159881591796875,15.325165764511365,BRAKE,2,20.7
09:24:10,0.35,5.00,0.544,0.000,0.001,7.6829681396484375,,BRAKE,4,21.3
09:24:10,2.16,5.00,0.288,0.000,0.002,7.5895843505859375,10.729507758117178,BRAKE,4,21.3
09:24:10,0.00,5.00,1.000,0.000,0.001,7.52276611328125,,BRAKE,4,21.3
09:24:11,0.00,5.00,0.950,0.000,0.001,7.357330322265625,,BRAKE,4,21.3
09:24:11,1.62,5.00,0.375,0.000,0.001,7.3169708251953125,2.142085833676171,BRAKE,4,20.8
09:24:11,0.34,5.00,0.556,0.000,0.001,7.393798828125,312.4062417682849,BRAKE,3,20.8
09:24:11,0.34,0.00,0.000,1.000,0.001,7.152191162109375,1.117502251200263,EMERGENCY,4,20.8
09:24:12,0.05,5.00,1.000,0.000,0.001,7.2830352783203125,2.5859968252917005,BRAKE,4,20.8
09:24:12,0.36,5.00,0.539,0.000,0.000,7.022796630859375,3.054133140165406,BRAKE,4,20.8
09:24:12,0.36,0.00,0.000,1.000,-0.000,6.9846954345703125,1.643470592776164,EMERGENCY,4,20.7
09:24:12,0.00,5.00,1.000,0.000,0.000,7.0113525390625,,BRAKE,4,20.7
09:24:13,2.11,5.00,0.368,0.000,-0.001,7.1765594482421875,3.839010699086055,BRAKE,4,20.7
09:24:13,1.17,5.00,0.233,0.000,-0.000,7.1268310546875,145.16167053222657,BRAKE,4,20.7
09:24:13,2.72,5.00,0.260,0.000,0.000,6.980987548828125,7.12740779357935,BRAKE,3,20.8
09:24:13,0.02,5.00,1.000,0.000,0.002,6.867156982421875,,BRAKE,3,20.8
09:24:14,0.82,5.00,0.295,0.000,0.000,6.664947509765625,48.09548115389688,BRAKE,3,20.8
09:24:14,2.61,5.00,0.443,0.000,0.000,6.436004638671875,83.00960495264204,BRAKE,3,20.8
09:24:14,3.68,5.00,0.057,0.000,-0.000,6.298187255859375,,BRAKE,3,20.7
09:24:14,0.37,0.00,0.000,1.000,-0.001,5.8677978515625,1.8395584058708947,EMERGENCY,2,20.7
09:24:15,0.35,5.00,0.551,0.000,-0.001,5.826568603515625,2.4888523268608993,BRAKE,2,20.7
09:24:15,0.50,0.00,0.000,1.000,-0.001,5.77069091796875,0.7040845751686107,EMERGENCY,3,20.7
09:24:15,1.41,5.00,0.203,0.000,-0.000,5.971923828125,2.15516595523604,BRAKE,3,20.6
09:24:15,0.36,0.00,0.000,1.000,-0.002,5.65814208984375,1.151013711410911,EMERGENCY,3,20.6
09:24:16,1.16,5.00,0.260,0.000,-0.002,5.8703155517578125,8.205327714679198,BRAKE,2,20.6
09:24:16,2.86,5.00,0.095,0.000,-0.006,5.72650146484375,3.5924436300769176,BRAKE,3,20.6
09:24:16,0.60,5.00,0.633,0.000,-0.006,5.746002197265625,,BRAKE,3,20.6
09:24:16,0.00,5.00,1.000,0.000,-0.006,5.523406982421875,,BRAKE,3,20.6
09:24:16,2.00,5.00,0.366,0.000,-0.009,5.417144775390625,5.594401874802222,BRAKE,3,20.6
09:24:17,0.67,5.00,0.543,0.000,-0.009,5.456024169921875,,BRAKE,3,20.6
09:24:17,0.00,5.00,0.950,0.000,-0.009,5.444366455078125,,BRAKE,3,20.6
09:24:17,1.54,0.00,0.000,1.000,-0.010,5.2294921875,1.2166759432834258,EMERGENCY,3,21.0
09:24:17,1.61,5.00,0.061,0.000,-0.012,5.3302764892578125,3.6214102108565123,BRAKE,2,21.0
09:24:18,0.90,5.00,0.571,0.000,-0.011,5.12176513671875,8.669270813396528,BRAKE,2,21.0
09:24:18,0.00,5.00,1.000,0.000,-0.014,5.0972442626953125,,BRAKE,3,21.0
09:24:18,0.00,5.00,1.000,0.000,-0.014,5.106048583984375,,BRAKE,2,21.0
09:24:18,0.00,0.00,0.000,1.000,-0.014,5.069488525390625,1.6381642860853585,EMERGENCY,2,21.0
09:24:19,0.00,5.00,0.950,0.000,-0.014,5.005828857421875,,BRAKE,2,21.0
09:24:19,0.00,5.00,0.950,0.000,-0.014,5.032623291015625,,BRAKE,2,21.0
09:24:19,0.00,5.00,1.000,0.000,-0.015,5.0496063232421875,,BRAKE,2,21.0
09:24:19,0.00,5.00,0.950,0.000,-0.015,5.0833740234375,,BRAKE,2,21.5
09:24:20,0.49,0.00,0.000,1.000,-0.015,5.077880859375,1.7253702145997212,EMERGENCY,3,21.5
09:24:20,0.00,0.00,0.000,1.000,-0.015,4.9250335693359375,,EMERGENCY,2,21.5
09:24:20,0.34,5.00,0.561,0.000,-0.016,5.0069580078125,14.62593029069215,BRAKE,2,21.5
09:24:20,0.00,0.00,0.000,1.000,-0.016,4.92095947265625,1.4581933572756762,EMERGENCY,2,21.5
09:24:20,0.00,0.00,0.000,1.000,-0.016,4.9191741943359375,1.4625011198832856,EMERGENCY,2,21.5
09:24:21,0.01,0.00,0.000,1.000,-0.016,4.948516845703125,0.9208737124232458,EMERGENCY,2,21.5
09:24:21,0.02,0.00,0.000,1.000,-0.016,4.916595458984375,0.7688408092244466,EMERGENCY,2,21.5
09:24:21,0.00,5.00,0.950,0.000,-0.017,5.03009033203125,,BRAKE,2,21.7
09:24:21,0.00,5.00,0.950,0.000,-0.017,5.076904296875,,BRAKE,2,21.7
09:24:22,0.00,5.00,0.950,0.000,-0.017,5.114898681640625,,BRAKE,2,21.7
09:24:22,0.00,5.00,0.950,0.000,-0.017,5.2003173828125,,BRAKE,2,21.7
09:24:22,0.00,0.00,0.000,1.000,-0.018,4.880096435546875,3.796290572256908,EMERGENCY,2,21.7
09:24:22,0.00,0.00,0.000,1.000,-0.018,4.9112548828125,7076.964809417725,EMERGENCY,2,21.8
09:24:23,0.00,0.00,0.000,1.000,-0.018,4.9078369140625,1.349086841329918,EMERGENCY,2,21.8
09:24:23,0.00,5.00,0.950,0.000,-0.018,5.1318359375,,BRAKE,2,21.8
09:24:23,0.00,0.00,0.000,1.000,-0.018,4.878570556640625,,EMERGENCY,2,21.8
09:24:23,0.00,5.00,0.950,0.000,-0.019,5.0655517578125,,BRAKE,2,22.0
09:24:23,0.00,5.00,0.950,0.000,-0.019,5.243865966796875,,BRAKE,2,22.0
09:24:24,0.00,0.00,0.000,1.000,-0.019,5.024200439453125,1.3629481388707076,EMERGENCY,2,22.0
09:24:24,0.35,5.00,0.552,0.000,-0.019,5.22357177734375,,BRAKE,2,22.0
09:24:24,0.00,0.00,0.000,1.000,-0.020,4.920074462890625,17.764107533403344,EMERGENCY,2,22.0
09:24:24,0.00,5.00,0.950,0.000,-0.020,5.05279541015625,,BRAKE,2,21.0
09:24:25,0.00,0.00,0.000,1.000,-0.020,4.9103851318359375,1.7804715319839366,EMERGENCY,2,21.0
09:24:25,0.00,5.00,0.950,0.000,-0.020,5.08795166015625,,BRAKE,2,21.0
09:24:25,0.00,0.00,0.000,1.000,-0.021,4.8276519775390625,2.3842478565160663,EMERGENCY,3,21.0
09:24:25,0.00,0.00,0.000,1.000,-0.021,5.02093505859375,1.5268954019651564,EMERGENCY,3,21.5
09:24:26,0.32,5.00,0.578,0.000,-0.021,5.16241455078125,92.08058172933171,BRAKE,3,21.5
09:24:26,0.34,0.00,0.000,1.000,-0.021,5.0010986328125,1.441420799496083,EMERGENCY,3,21.5
09:24:26,0.00,0.00,0.000,1.000,-0.021,4.95751953125,,EMERGENCY,3,21.5
09:24:26,0.00,0.00,0.000,1.000,-0.022,4.884857177734375,7875.038540601729,EMERGENCY,3,21.1
09:24:27,0.00,5.00,0.950,0.000,-0.022,5.1711273193359375,,BRAKE,3,21.1
09:24:27,0.00,0.00,0.000,1.000,-0.022,4.8848876953125,7648.780051231384,EMERGENCY,4,21.1
09:24:27,0.00,0.00,0.000,1.000,-0.022,4.888641357421875,1.6649080775873883,EMERGENCY,4,21.1
09:24:27,0.02,0.00,0.000,1.000,-0.022,4.9444580078125,1.0996829864700253,EMERGENCY,4,21.1
09:24:27,0.00,0.00,0.000,1.000,-0.023,4.8856201171875,3.2335261505357713,EMERGENCY,4,21.1
09:24:28,0.00,5.00,0.950,0.000,-0.023,5.14739990234375,,BRAKE,4,21.1
09:24:28,0.35,5.00,0.543,0.000,-0.023,5.13482666015625,146.47676551125267,BRAKE,4,21.1
09:24:28,0.00,0.00,0.000,1.000,-0.023,4.9842529296875,2.13722255033927,EMERGENCY,4,21.1
09:24:29,0.00,5.00,0.950,0.000,-0.024,5.1464996337890625,,BRAKE,3,19.4
09:24:29,0.00,0.00,0.000,1.000,-0.024,4.9001922607421875,2.0194404514317563,EMERGENCY,3,19.4
09:24:29,0.35,5.00,0.553,0.000,-0.024,5.1126556396484375,,BRAKE,4,19.4
09:24:29,0.00,0.00,0.000,1.000,-0.024,4.86297607421875,,EMERGENCY,3,19.4
09:24:30,0.00,0.00,0.000,1.000,-0.025,4.8648834228515625,,EMERGENCY,3,19.0
09:24:30,0.34,5.00,0.554,0.000,-0.025,5.01483154296875,2.85956292350932,BRAKE,3,19.0
09:24:30,0.00,5.00,1.000,0.000,-0.025,5.0575103759765625,,BRAKE,4,19.0
09:24:30,0.00,5.00,0.950,0.000,-0.026,5.09539794921875,,BRAKE,3,19.0
09:24:31,0.00,5.00,0.950,0.000,-0.026,5.088836669921875,,BRAKE,3,19.6
09:24:31,0.00,0.00,0.000,1.000,-0.026,4.7306671142578125,1.9693242604013048,EMERGENCY,4,19.6
09:24:31,0.00,0.00,0.000,1.000,-0.026,4.856414794921875,,EMERGENCY,4,19.6
09:24:31,0.00,5.00,0.950,0.000,-0.026,5.13616943359375,,BRAKE,3,19.6
09:24:32,0.00,0.00,0.000,1.000,-0.027,4.88360595703125,1.0650644364259345,EMERGENCY,4,19.8
09:24:32,0.00,5.00,0.950,0.000,-0.027,5.102081298828125,,BRAKE,3,19.8
09:24:32,0.00,5.00,0.950,0.000,-0.027,5.0892791748046875,,BRAKE,3,19.8
09:24:32,0.00,0.00,0.000,1.000,-0.027,4.91619873046875,34.49894325722952,EMERGENCY,4,19.8
09:24:33,0.00,5.00,0.950,0.000,-0.028,5.09112548828125,,BRAKE,3,20.0
09:24:33,0.00,0.00,0.000,1.000,-0.028,4.85052490234375,,EMERGENCY,3,20.0
09:24:33,0.00,5.00,0.950,0.000,-0.028,5.0467987060546875,,BRAKE,4,20.0
09:24:33,0.00,0.00,0.000,1.000,-0.028,4.8525390625,1.0396772005860964,EMERGENCY,3,20.0
09:24:34,0.00,0.00,0.000,1.000,-0.028,4.7189788818359375,1.0234465150574659,EMERGENCY,3,20.5
09:24:34,0.00,0.00,0.000,1.000,-0.029,4.8544921875,,EMERGENCY,4,20.5
09:24:34,0.00,0.00,0.000,1.000,-0.029,4.85052490234375,4.867341250252084,EMERGENCY,3,20.5
09:24:34,0.00,5.00,0.950,0.000,-0.029,5.09112548828125,,BRAKE,3,20.5
09:24:35,0.00,0.00,0.000,1.000,-0.029,4.965087890625,1.9111249471394902,EMERGENCY,4,21.2
09:24:35,0.00,0.00,0.000,1.000,-0.030,4.88092041015625,8.043651655349393,EMERGENCY,4,21.2
09:24:35,0.00,0.00,0.000,1.000,-0.030,4.849945068359375,1.6362536225172424,EMERGENCY,4,21.2
09:24:35,0.00,0.00,0.000,1.000,-0.030,4.9288787841796875,,EMERGENCY,4,21.2
09:24:35,0.00,0.00,0.000,1.000,-0.030,4.9223175048828125,,EMERGENCY,4,21.2
09:24:36,0.00,0.00,0.000,1.000,-0.030,4.86737060546875,,EMERGENCY,4,21.3
09:24:36,0.00,0.00,0.000,1.000,-0.031,4.849884033203125,2.7150907553322234,EMERGENCY,3,21.3
09:24:36,0.00,5.00,0.950,0.000,-0.031,5.09637451171875,,BRAKE,4,21.3
09:24:36,0.00,0.00,0.000,1.000,-0.031,4.848785400390625,64.93960151522178,EMERGENCY,4,21.3
09:24:37,0.00,0.00,0.000,1.000,-0.031,4.9677734375,1.9603350478644614,EMERGENCY,4,21.1
09:24:37,0.00,5.00,0.950,0.000,-0.032,5.040557861328125,,BRAKE,4,21.1
09:24:37,0.00,0.00,0.000,1.000,-0.032,4.8269195556640625,0.8969006092822946,EMERGENCY,4,21.1
09:24:37,0.00,0.00,0.000,1.000,-0.032,4.9060821533203125,,EMERGENCY,4,21.1
09:24:38,0.00,0.00,0.000,1.000,-0.032,4.847320556640625,7.082114084126197,EMERGENCY,4,21.1
09:24:38,0.00,5.00,0.950,0.000,-0.032,5.0750579833984375,,BRAKE,4,21.1
09:24:38,0.00,5.00,0.950,0.000,-0.033,5.070281982421875,,BRAKE,4,21.1
09:24:38,0.00,0.00,0.000,1.000,-0.033,4.847320556640625,1.4898405578167109,EMERGENCY,4,21.1
09:24:39,0.00,0.00,0.000,1.000,-0.033,4.8904876708984375,2.1355868996854883,EMERGENCY,4,21.1
09:24:39,0.00,5.00,0.950,0.000,-0.033,5.079833984375,,BRAKE,4,21.4
09:24:39,0.00,0.00,0.000,1.000,-0.033,4.718353271484375,1.4132743428188075,EMERGENCY,4,21.4
09:24:39,0.00,0.00,0.000,1.000,-0.034,4.878509521484375,3.0996628834651063,EMERGENCY,3,21.4
09:24:39,0.00,0.00,0.000,1.000,-0.034,4.961822509765625,,EMERGENCY,4,21.4
09:24:40,0.00,0.00,0.000,1.000,-0.034,4.980499267578125,,EMERGENCY,3,20.4
09:24:40,0.00,5.00,0.950,0.000,-0.034,5.0768890380859375,,BRAKE,4,20.4
09:24:40,0.00,0.00,0.000,1.000,-0.035,4.9477386474609375,,EMERGENCY,3,20.4
09:24:40,0.00,0.00,0.000,1.000,-0.035,4.938323974609375,,EMERGENCY,3,20.4
09:24:41,0.00,5.00,0.950,0.000,-0.035,5.09735107421875,,BRAKE,4,20.1
09:24:41,0.00,0.00,0.000,1.000,-0.035,4.93035888671875,,EMERGENCY,3,20.1
09:24:41,0.00,0.00,0.000,1.000,-0.035,4.844085693359375,2.582412594523038,EMERGENCY,3,20.1
09:24:41,0.00,0.00,0.000,1.000,-0.036,4.875244140625,,EMERGENCY,4,20.1
09:24:42,0.37,0.00,0.000,1.000,-0.036,4.842254638671875,1.6478317336796373,EMERGENCY,3,20.1
09:24:42,0.00,0.00,0.000,1.000,-0.036,4.8409423828125,57.70961890587439,EMERGENCY,3,20.5
09:24:42,0.00,0.00,0.000,1.000,-0.036,4.84088134765625,1.4624114490133442,EMERGENCY,3,20.5
09:24:42,0.00,0.00,0.000,1.000,-0.037,4.9552001953125,,EMERGENCY,3,20.5
09:24:43,0.00,0.00,0.000,1.000,-0.037,4.88543701171875,2.6875974264662474,EMERGENCY,4,20.5
09:24:43,0.00,0.00,0.000,1.000,-0.037,4.8994140625,4.553709543507782,EMERGENCY,4,21.3
09:24:43,0.00,0.00,0.000,1.000,-0.037,4.84088134765625,,EMERGENCY,4,21.3
09:24:43,0.00,5.00,0.950,0.000,-0.037,5.1241455078125,,BRAKE,4,21.3
09:24:44,0.00,0.00,0.000,1.000,-0.038,4.844879150390625,2.765398480498503,EMERGENCY,4,21.3
09:24:44,0.00,5.00,0.950,0.000,-0.038,5.1241455078125,,BRAKE,4,21.2
09:24:44,0.00,0.00,0.000,1.000,-0.038,4.84088134765625,,EMERGENCY,4,21.2
09:24:44,0.00,0.00,0.000,1.000,-0.038,4.8994140625,,EMERGENCY,3,21.2
09:24:45,0.00,0.00,0.000,1.000,-0.039,4.7119140625,1.7912099218120294,EMERGENCY,4,21.2
09:24:45,0.34,0.00,0.000,1.000,-0.039,4.991729736328125,3.099280011987254,EMERGENCY,4,21.2
09:24:45,0.00,5.00,0.950,0.000,-0.039,5.067718505859375,,BRAKE,4,21.1
09:24:45,0.00,0.00,0.000,1.000,-0.039,4.870147705078125,3.319279150108479,EMERGENCY,4,21.1
09:24:45,0.00,5.00,0.950,0.000,-0.039,5.051483154296875,,BRAKE,4,21.1
09:24:46,0.30,0.00,0.000,1.000,-0.040,4.887237548828125,1.268619415514457,EMERGENCY,4,21.1
09:24:46,0.00,0.00,0.000,1.000,-0.040,4.83990478515625,1.1068264119693734,EMERGENCY,4,20.9
09:24:46,0.00,0.00,0.000,1.000,-0.040,4.781219482421875,4.038318183244006,EMERGENCY,4,20.9
09:24:46,0.00,0.00,0.000,1.000,-0.040,4.8359375,,EMERGENCY,4,20.9
09:24:47,0.00,0.00,0.000,1.000,-0.041,4.7536773681640625,2.0201709460416466,EMERGENCY,4,20.9
09:24:47,0.00,0.00,0.000,1.000,-0.041,4.885162353515625,1.8367674831779741,EMERGENCY,4,21.0
09:24:47,0.00,0.00,0.000,1.000,-0.041,4.7935028076171875,2.466874436806656,EMERGENCY,4,21.0
09:24:47,0.00,0.00,0.000,1.000,-0.041,4.8897857666015625,,EMERGENCY,3,21.0
09:24:48,0.00,0.00,0.000,1.000,-0.041,4.8359375,,EMERGENCY,4,21.0
09:24:48,0.00,0.00,0.000,1.000,-0.042,4.8359375,0.9793970169617605,EMERGENCY,4,20.1
09:24:48,0.00,5.00,0.950,0.000,-0.042,5.05328369140625,3.6348728074460226,BRAKE,4,20.1
09:24:48,1.43,5.00,0.119,0.000,-0.043,5.0208282470703125,,BRAKE,4,20.1
09:24:49,0.00,0.00,0.000,1.000,-0.043,4.7913818359375,1.0855687429921552,EMERGENCY,4,20.1
09:24:49,0.00,0.00,0.000,1.000,-0.043,4.7955322265625,5.568582196008251,EMERGENCY,4,20.1
09:24:49,0.00,0.00,0.000,1.000,-0.043,4.863525390625,3.099109385969452,EMERGENCY,4,20.8
09:24:49,0.00,0.00,0.000,1.000,-0.044,4.820648193359375,,EMERGENCY,4,20.8
09:24:50,0.00,0.00,0.000,1.000,-0.044,4.791351318359375,,EMERGENCY,4,20.8
09:24:50,0.00,0.00,0.000,1.000,-0.044,4.948211669921875,2.0130977168718145,EMERGENCY,4,20.8
09:24:50,0.00,5.00,0.950,0.000,-0.044,5.057159423828125,,BRAKE,4,21.2
09:24:50,0.00,5.00,0.950,0.000,-0.044,5.065093994140625,,BRAKE,4,21.2
09:24:51,0.00,0.00,0.000,1.000,-0.045,4.791351318359375,,EMERGENCY,4,21.2
09:24:51,0.00,0.00,0.000,1.000,-0.045,4.791351318359375,3.2251207799808737,EMERGENCY,4,21.2
09:24:51,0.00,0.00,0.000,1.000,-0.045,4.8091278076171875,3.3344223243754354,EMERGENCY,4,20.9
09:24:51,0.00,0.00,0.000,1.000,-0.045,4.9208526611328125,159.3187559700012,EMERGENCY,4,20.9
09:24:52,0.00,0.00,0.000,1.000,-0.046,4.7136688232421875,1.370837935857039,EMERGENCY,4,20.9
09:24:52,0.00,0.00,0.000,1.000,-0.046,4.9208526611328125,14.73735611899678,EMERGENCY,4,20.9
09:24:52,0.00,0.00,0.000,1.000,-0.046,4.822601318359375,,EMERGENCY,4,20.3
09:24:52,0.00,0.00,0.000,1.000,-0.046,4.8773193359375,1.1946421124606874,EMERGENCY,4,20.3
09:24:52,0.00,0.00,0.000,1.000,-0.046,4.8773193359375,,EMERGENCY,4,20.3
09:24:53,0.00,0.00,0.000,1.000,-0.047,4.791351318359375,,EMERGENCY,4,20.3
09:24:53,0.00,0.00,0.000,1.000,-0.047,4.822601318359375,,EMERGENCY,4,20.3
09:24:53,0.00,0.00,0.000,1.000,-0.047,4.9423065185546875,,EMERGENCY,4,20.8
09:24:53,0.00,5.00,0.950,0.000,-0.047,5.02325439453125,,BRAKE,4,20.8
09:24:54,0.00,0.00,0.000,1.000,-0.048,4.791351318359375,,EMERGENCY,4,20.8
09:24:54,0.00,0.00,0.000,1.000,-0.048,4.7935028076171875,17.13156442085992,EMERGENCY,4,20.8
09:24:54,0.00,0.00,0.000,1.000,-0.048,4.836212158203125,,EMERGENCY,4,21.0
09:24:54,0.00,0.00,0.000,1.000,-0.048,4.7776641845703125,17.890025457012214,EMERGENCY,4,21.0
09:24:55,0.00,0.00,0.000,1.000,-0.048,4.7210693359375,6.031582653946422,EMERGENCY,4,21.0
09:24:55,0.00,0.00,0.000,1.000,-0.049,4.9442138671875,,EMERGENCY,4,21.0
09:24:55,0.00,0.00,0.000,1.000,-0.049,4.791351318359375,1.5543215758852287,EMERGENCY,4,18.5
09:24:56,0.00,0.00,0.000,1.000,-0.049,4.7776641845703125,18.65409553223762,EMERGENCY,4,18.5
09:24:56,0.00,0.00,0.000,1.000,-0.049,4.791351318359375,,EMERGENCY,4,18.5
09:24:56,0.00,5.00,0.950,0.000,-0.050,5.057159423828125,,BRAKE,4,18.5
09:24:56,0.00,0.00,0.000,1.000,-0.050,4.795654296875,,EMERGENCY,4,18.6
09:24:57,0.00,0.00,0.000,1.000,-0.050,4.795654296875,,EMERGENCY,4,18.6
09:24:57,0.00,0.00,0.000,1.000,-0.050,4.791351318359375,63.11028421178777,EMERGENCY,4,18.6
09:24:57,0.00,0.00,0.000,1.000,-0.051,4.905303955078125,,EMERGENCY,4,17.7
09:24:57,0.00,5.00,0.950,0.000,-0.051,5.057159423828125,,BRAKE,4,17.7
09:24:58,0.00,0.00,0.000,1.000,-0.051,4.9383087158203125,29.22835314879983,EMERGENCY,4,17.7
09:24:58,0.00,0.00,0.000,1.000,-0.051,4.849822998046875,,EMERGENCY,4,17.7
09:24:58,0.00,0.00,0.000,1.000,-0.051,4.9424896240234375,112.40898617322013,EMERGENCY,4,19.6
09:24:58,0.00,0.00,0.000,1.000,-0.052,4.6707611083984375,0.8208442573432649,EMERGENCY,4,19.6
09:24:59,0.00,0.00,0.000,1.000,-0.052,4.795654296875,1.6234588478059382,EMERGENCY,4,19.6
09:24:59,0.00,0.00,0.000,1.000,-0.052,4.849822998046875,3.329164421308988,EMERGENCY,4,19.6
09:24:59,0.00,0.00,0.000,1.000,-0.052,4.791351318359375,1.5060377801497613,EMERGENCY,4,19.8
09:24:59,0.00,0.00,0.000,1.000,-0.053,4.791351318359375,,EMERGENCY,4,19.8
09:25:00,0.00,0.00,0.000,1.000,-0.053,4.791351318359375,1.7226006784565493,EMERGENCY,4,19.8
09:25:00,0.00,0.00,0.000,1.000,-0.053,4.822601318359375,,EMERGENCY,4,19.8
09:25:00,0.00,0.00,0.000,1.000,-0.053,4.791351318359375,1.3203759580693333,EMERGENCY,4,19.9
09:25:00,0.00,0.00,0.000,1.000,-0.053,4.9364013671875,,EMERGENCY,4,19.9
09:25:01,0.00,0.00,0.000,1.000,-0.054,4.791351318359375,3.9519544246301272,EMERGENCY,4,19.9
09:25:01,0.00,0.00,0.000,1.000,-0.054,4.791351318359375,1.5300910272724675,EMERGENCY,4,19.9
09:25:01,0.00,0.00,0.000,1.000,-0.054,4.9068603515625,1.455316091700362,EMERGENCY,4,20.4
09:25:01,0.00,0.00,0.000,1.000,-0.054,4.8091278076171875,,EMERGENCY,4,20.4
09:25:02,0.00,0.00,0.000,1.000,-0.055,4.9250335693359375,11.870085559698934,EMERGENCY,4,20.4
09:25:02,0.00,0.00,0.000,1.000,-0.055,4.9464874267578125,,EMERGENCY,4,20.4
09:25:02,0.00,0.00,0.000,1.000,-0.055,4.9464874267578125,,EMERGENCY,4,20.4
09:25:02,0.00,0.00,0.000,1.000,-0.055,4.9930419921875,,EMERGENCY,4,21.1
09:25:03,0.00,0.00,0.000,1.000,-0.056,4.58447265625,0.6372591709842852,EMERGENCY,4,21.1
09:25:03,0.00,0.00,0.000,1.000,-0.056,4.791351318359375,,EMERGENCY,4,21.1
09:25:03,0.00,0.00,0.000,1.000,-0.056,4.806976318359375,1.7684088467820809,EMERGENCY,4,21.1
09:25:03,0.00,0.00,0.000,1.000,-0.056,4.9127655029296875,6.920837561900799,EMERGENCY,4,21.2
09:25:04,0.00,0.00,0.000,1.000,-0.056,4.6707611083984375,1.943337002510091,EMERGENCY,4,21.2
09:25:04,0.00,0.00,0.000,1.000,-0.057,4.948211669921875,,EMERGENCY,4,21.2
09:25:04,0.00,0.00,0.000,1.000,-0.057,4.7210693359375,0.9749039100668498,EMERGENCY,4,21.2
09:25:04,0.00,0.00,0.000,1.000,-0.057,4.806976318359375,,EMERGENCY,4,20.8
09:25:05,0.00,0.00,0.000,1.000,-0.057,4.791351318359375,7.543037189403549,EMERGENCY,4,20.8
09:25:05,0.00,0.00,0.000,1.000,-0.058,4.8773193359375,,EMERGENCY,4,20.8
09:25:05,0.00,0.00,0.000,1.000,-0.058,4.922760009765625,,EMERGENCY,4,20.8
09:25:05,0.00,0.00,0.000,1.000,-0.058,4.6240386962890625,1.4640993673952123,EMERGENCY,4,20.8
09:25:06,0.00,0.00,0.000,1.000,-0.058,4.905303955078125,6.362474792928508,EMERGENCY,4,20.5
09:25:06,0.00,0.00,0.000,1.000,-0.058,4.836212158203125,,EMERGENCY,4,20.5
09:25:06,0.00,0.00,0.000,1.000,-0.059,4.8499603271484375,,EMERGENCY,4,20.5
09:25:06,0.00,0.00,0.000,1.000,-0.059,4.795654296875,,EMERGENCY,4,20.5
09:25:07,0.00,0.00,0.000,1.000,-0.059,4.948211669921875,,EMERGENCY,4,19.4
09:25:07,0.00,0.00,0.000,1.000,-0.059,4.76397705078125,0.7776079837194203,EMERGENCY,4,19.4
09:25:07,0.00,0.00,0.000,1.000,-0.060,4.948211669921875,,EMERGENCY,4,19.4
09:25:07,0.00,0.00,0.000,1.000,-0.060,4.948211669921875,,EMERGENCY,4,19.4
09:25:08,0.00,0.00,0.000,1.000,-0.060,4.806976318359375,1.2517854384984775,EMERGENCY,4,20.1
09:25:08,0.00,0.00,0.000,1.000,-0.060,4.822601318359375,,EMERGENCY,4,20.1
09:25:08,0.00,0.00,0.000,1.000,-0.061,4.940216064453125,28.873070397449816,EMERGENCY,4,20.1
09:25:08,0.00,0.00,0.000,1.000,-0.061,4.795654296875,1.9916022297579685,EMERGENCY,4,20.1
09:25:08,0.00,0.00,0.000,1.000,-0.061,4.8913116455078125,3.8166438134306717,EMERGENCY,4,21.3
09:25:09,0.00,0.00,0.000,1.000,-0.061,4.940216064453125,,EMERGENCY,4,21.3
09:25:09,0.00,0.00,0.000,1.000,-0.061,4.8227386474609375,,EMERGENCY,4,21.3
09:25:09,0.00,0.00,0.000,1.000,-0.062,4.791351318359375,,EMERGENCY,4,21.3
09:25:09,0.00,0.00,0.000,1.000,-0.062,4.791351318359375,12.551142704435685,EMERGENCY,4,21.3
09:25:10,0.00,0.00,0.000,1.000,-0.062,4.8499603271484375,,EMERGENCY,4,21.5
09:25:10,0.00,5.00,0.950,0.000,-0.062,5.057159423828125,,BRAKE,4,21.5
09:25:10,0.00,0.00,0.000,1.000,-0.063,4.948211669921875,,EMERGENCY,4,21.5
09:25:10,0.00,0.00,0.000,1.000,-0.063,4.989990234375,,EMERGENCY,4,21.5
09:25:11,0.00,0.00,0.000,1.000,-0.063,4.940216064453125,,EMERGENCY,4,21.5
09:25:11,0.00,0.00,0.000,1.000,-0.063,4.88140869140625,9.079827339713145,EMERGENCY,4,21.5
09:25:11,0.00,0.00,0.000,1.000,-0.063,4.849822998046875,2.3071187340444137,EMERGENCY,4,21.5
09:25:11,0.00,0.00,0.000,1.000,-0.064,4.7062530517578125,1.3470351261033466,EMERGENCY,4,21.5
09:25:11,0.00,0.00,0.000,1.000,-0.064,4.948211669921875,2.612374044409793,EMERGENCY,3,21.5
09:25:12,0.00,0.00,0.000,1.000,-0.064,4.9464874267578125,,EMERGENCY,4,21.5
09:25:12,0.00,0.00,0.000,1.000,-0.064,4.7776641845703125,4.67728456778923,EMERGENCY,4,21.5
09:25:12,0.00,0.00,0.000,1.000,-0.065,4.8773193359375,3.6337943312105967,EMERGENCY,4,21.5
09:25:12,0.00,0.00,0.000,1.000,-0.065,4.948211669921875,,EMERGENCY,4,21.5
09:25:13,0.00,0.00,0.000,1.000,-0.065,4.791351318359375,1.359379893889223,EMERGENCY,4,20.9
09:25:13,0.00,0.00,0.000,1.000,-0.065,4.849822998046875,,EMERGENCY,4,20.9
09:25:13,0.00,0.00,0.000,1.000,-0.065,4.9464874267578125,,EMERGENCY,4,20.9
09:25:13,0.00,0.00,0.000,1.000,-0.065,4.9464874267578125,,EMERGENCY,4,20.9
09:25:14,0.00,0.00,0.000,1.000,-0.065,4.86395263671875,2.857909745815135,EMERGENCY,4,21.1
09:25:14,0.00,0.00,0.000,1.000,-0.065,4.791351318359375,,EMERGENCY,4,21.1
09:25:14,0.00,0.00,0.000,1.000,-0.065,4.9464874267578125,,EMERGENCY,4,21.1
09:25:14,0.00,0.00,0.000,1.000,-0.065,4.948211669921875,,EMERGENCY,4,21.1
09:25:15,0.00,0.00,0.000,1.000,-0.065,4.9464874267578125,,EMERGENCY,4,20.6
09:25:15,0.00,0.00,0.000,1.000,-0.065,4.94476318359375,4.936473948752831,EMERGENCY,4,20.6
09:25:15,0.37,30.00,1.000,0.000,-0.064,,,CLEAR,3,20.6
09:25:15,5.08,30.00,1.000,0.000,-0.066,,,CLEAR,3,20.6
09:25:16,11.87,30.00,1.000,0.000,-0.074,,,CLEAR,2,20.6
09:25:16,16.01,0.00,0.000,1.000,-0.095,6.703125,1.3869550785147933,EMERGENCY,2,22.1
09:25:16,12.36,0.00,0.000,1.000,-0.111,5.774322509765625,1.3649263031292385,EMERGENCY,1,22.1
09:25:16,9.22,5.00,0.000,1.000,-0.122,5.032135009765625,,BRAKE,2,22.1
09:25:16,6.47,0.00,0.000,1.000,-0.129,4.43218994140625,2.5672608783696367,EMERGENCY,2,22.1
09:25:17,0.00,0.00,0.000,1.000,-0.122,4.19146728515625,,EMERGENCY,1,21.6
09:25:17,0.00,0.00,0.000,1.000,-0.122,4.0713653564453125,4.753958623238761,EMERGENCY,1,21.6
09:25:17,0.00,0.00,0.000,1.000,-0.122,3.9512786865234375,3.38093841922066,EMERGENCY,1,21.6
09:25:17,0.00,30.00,1.000,0.000,-0.122,,,CLEAR,1,21.6
09:25:18,4.03,30.00,1.000,0.000,-0.127,,,CLEAR,1,21.6
09:25:18,10.19,0.00,0.000,1.000,-0.124,7.363861083984375,1.5541258083614757,EMERGENCY,3,21.6
09:25:18,9.85,0.00,0.000,1.000,-0.155,6.78240966796875,1.2768274730667337,EMERGENCY,3,21.6
09:25:18,8.41,5.00,0.000,0.222,-0.159,6.6090545654296875,,BRAKE,2,21.6
09:25:19,3.12,0.00,0.000,1.000,-0.162,2.7252197265625,1.3794238444556777,EMERGENCY,2,21.6
09:25:19,0.00,30.00,1.000,0.000,-0.158,,,CLEAR,0,21.9
09:25:19,0.33,30.00,1.000,0.000,-0.158,,,CLEAR,1,21.9
09:25:19,0.00,0.00,0.000,1.000,-0.159,2.19110107421875,,EMERGENCY,2,21.9
09:25:19,0.00,0.00,0.000,1.000,-0.159,2.1162109375,23.566594966088783,EMERGENCY,2,21.9
09:25:20,0.00,0.00,0.000,1.000,-0.159,2.0538330078125,2.1634220649078437,EMERGENCY,2,21.5
09:25:20,0.00,0.00,0.000,1.000,-0.159,2.0842437744140625,6.36341741870177,EMERGENCY,3,21.5
09:25:20,0.00,0.00,0.000,1.000,-0.159,2.07000732421875,2.129484035435594,EMERGENCY,1,21.5
09:25:20,0.00,0.00,0.000,1.000,-0.159,2.0283050537109375,1.041960223746022,EMERGENCY,1,21.5
09:25:21,0.00,0.00,0.000,1.000,-0.159,2.158477783203125,,EMERGENCY,1,21.5
09:25:21,0.00,0.00,0.000,1.000,-0.159,2.1603240966796875,,EMERGENCY,2,22.4
09:25:21,0.00,0.00,0.000,1.000,-0.159,2.0663299560546875,6.100765968352248,EMERGENCY,2,22.4
09:25:21,0.00,0.00,0.000,1.000,-0.159,2.05963134765625,2.4889810693525707,EMERGENCY,2,22.4
09:25:21,0.00,0.00,0.000,1.000,-0.159,2.099945068359375,,EMERGENCY,2,22.4
09:25:22,0.00,0.00,0.000,1.000,-0.159,2.114837646484375,,EMERGENCY,1,22.4
09:25:22,0.00,0.00,0.000,1.000,-0.159,2.037841796875,1.5424466317580794,EMERGENCY,1,22.2
09:25:22,0.00,0.00,0.000,1.000,-0.159,2.09552001953125,,EMERGENCY,1,22.2
09:25:22,0.00,0.00,0.000,1.000,-0.159,2.114837646484375,,EMERGENCY,1,22.2
09:25:23,0.00,0.00,0.000,1.000,-0.159,2.059722900390625,3.566749110513804,EMERGENCY,1,22.2
09:25:23,0.00,0.00,0.000,1.000,-0.159,2.1009521484375,0.9023011233828484,EMERGENCY,1,21.6
09:25:23,0.00,0.00,0.000,1.000,-0.159,2.070343017578125,2.1476991017986555,EMERGENCY,1,21.6
09:25:23,0.00,0.00,0.000,1.000,-0.159,2.1697235107421875,1.346849928551655,EMERGENCY,1,21.6
09:25:24,0.00,0.00,0.000,1.000,-0.159,2.158477783203125,,EMERGENCY,1,21.6
09:25:24,0.00,0.00,0.000,1.000,-0.159,2.1004486083984375,185.38149671121076,EMERGENCY,1,21.6
09:25:24,0.00,0.00,0.000,1.000,-0.159,2.06231689453125,1.3966960608959198,EMERGENCY,1,22.3
09:25:24,0.00,0.00,0.000,1.000,-0.159,2.1009521484375,6.737440417363094,EMERGENCY,1,22.3
09:25:24,0.00,0.00,0.000,1.000,-0.159,2.0856475830078125,7.771240120989494,EMERGENCY,1,22.3
09:25:25,0.00,0.00,0.000,1.000,-0.159,2.08514404296875,2.0346535868337505,EMERGENCY,1,22.3
09:25:25,0.00,0.00,0.000,1.000,-0.159,2.0487823486328125,0.6442711788153498,EMERGENCY,1,22.4
09:25:25,0.00,0.00,0.000,1.000,-0.159,2.1143341064453125,182.711703488321,EMERGENCY,1,22.4
09:25:25,0.00,0.00,0.000,1.000,-0.159,2.158477783203125,,EMERGENCY,1,22.4
09:25:26,0.00,0.00,0.000,1.000,-0.159,2.0811309814453125,2.755169761078344,EMERGENCY,1,22.4
09:25:26,0.00,0.00,0.000,1.000,-0.159,2.184600830078125,,EMERGENCY,1,22.4
09:25:26,0.00,0.00,0.000,1.000,-0.159,2.02838134765625,1.545987147507336,EMERGENCY,1,22.5
09:25:26,0.00,0.00,0.000,1.000,-0.159,2.0215301513671875,1.375271629742473,EMERGENCY,1,22.5
09:25:26,0.00,0.00,0.000,1.000,-0.159,2.114837646484375,3.4365761152312992,EMERGENCY,1,22.5
09:25:27,0.00,0.00,0.000,1.000,-0.159,2.0615692138671875,0.783197155122999,EMERGENCY,1,22.5
09:25:27,0.00,0.00,0.000,1.000,-0.159,2.1436004638671875,,EMERGENCY,1,22.5
09:25:27,0.00,0.00,0.000,1.000,-0.159,2.030517578125,,EMERGENCY,1,23.1
09:25:27,0.00,0.00,0.000,1.000,-0.159,2.06231689453125,1.7594953924723475,EMERGENCY,1,23.1
09:25:27,0.00,0.00,0.000,1.000,-0.159,2.0487823486328125,2.743535338807981,EMERGENCY,1,23.1
09:25:28,0.00,0.00,0.000,1.000,-0.159,2.099945068359375,,EMERGENCY,1,23.1
09:25:28,0.00,0.00,0.000,1.000,-0.159,2.0811309814453125,,EMERGENCY,1,22.8
09:25:28,0.00,0.00,0.000,1.000,-0.159,2.12921142578125,,EMERGENCY,1,22.8
09:25:28,0.00,0.00,0.000,1.000,-0.159,2.037841796875,,EMERGENCY,1,22.8
09:25:29,0.00,0.00,0.000,1.000,-0.159,2.0414581298828125,13.66636132184197,EMERGENCY,1,22.8
09:25:29,0.00,0.00,0.000,1.000,-0.159,2.070343017578125,,EMERGENCY,1,22.8
09:25:29,0.00,0.00,0.000,1.000,-0.159,2.037841796875,0.5676413730742763,EMERGENCY,1,23.2
09:25:29,0.00,0.00,0.000,1.000,-0.159,2.0663299560546875,1.6544868091290317,EMERGENCY,1,23.2
09:25:29,0.00,0.00,0.000,1.000,-0.159,2.0995330810546875,1.0164303848509153,EMERGENCY,1,23.2
09:25:30,0.00,0.00,0.000,1.000,-0.159,2.1009521484375,,EMERGENCY,1,23.2
09:25:30,0.00,0.00,0.000,1.000,-0.159,2.1143341064453125,,EMERGENCY,1,23.2
09:25:30,0.00,0.00,0.000,1.000,-0.159,2.1004486083984375,1.6707658899353894,EMERGENCY,1,23.0
09:25:30,0.00,0.00,0.000,1.000,-0.159,2.1009521484375,0.7006654101365698,EMERGENCY,1,23.0
09:25:31,0.00,0.00,0.000,1.000,-0.159,2.191925048828125,,EMERGENCY,1,23.0
09:25:31,0.00,0.00,0.000,1.000,-0.159,2.099945068359375,,EMERGENCY,1,23.0
09:25:31,0.00,0.00,0.000,1.000,-0.159,2.070343017578125,,EMERGENCY,1,22.5
09:25:31,0.00,0.00,0.000,1.000,-0.159,2.158477783203125,,EMERGENCY,1,22.5
09:25:31,0.00,0.00,0.000,1.000,-0.159,2.06231689453125,1.446564783196064,EMERGENCY,1,22.5
09:25:32,0.00,0.00,0.000,1.000,-0.159,2.08514404296875,5.569231552506966,EMERGENCY,1,22.5
09:25:32,0.00,0.00,0.000,1.000,-0.159,2.099945068359375,,EMERGENCY,1,22.5
09:25:32,0.00,0.00,0.000,1.000,-0.159,2.210723876953125,,EMERGENCY,1,23.1
09:25:32,0.00,0.00,0.000,1.000,-0.159,2.081634521484375,0.4331301648648486,EMERGENCY,1,23.1
09:25:32,0.00,0.00,0.000,1.000,-0.159,2.099945068359375,2.1033168344054345,EMERGENCY,1,23.1
09:25:33,0.00,0.00,0.000,1.000,-0.159,2.050079345703125,0.9648958942913698,EMERGENCY,1,23.1
09:25:33,0.00,0.00,0.000,1.000,-0.159,2.175201416015625,,EMERGENCY,1,23.1
09:25:33,0.00,0.00,0.000,1.000,-0.159,2.06231689453125,1.6843952265400863,EMERGENCY,1,22.9
09:25:33,0.00,0.00,0.000,1.000,-0.159,2.201324462890625,,EMERGENCY,1,22.9
09:25:34,0.00,0.00,0.000,1.000,-0.159,2.099945068359375,203.35760658437556,EMERGENCY,1,22.9
09:25:34,0.00,0.00,0.000,1.000,-0.159,2.1009521484375,1.4368077627909484,EMERGENCY,1,22.9
09:25:34,0.00,0.00,0.000,1.000,-0.159,2.0335693359375,0.7182609871259215,EMERGENCY,1,22.6
09:25:34,0.00,0.00,0.000,1.000,-0.159,2.1004486083984375,1.2725800955873228,EMERGENCY,1,22.6
09:25:34,0.00,0.00,0.000,1.000,-0.159,2.1603240966796875,,EMERGENCY,1,22.6
09:25:35,0.00,0.00,0.000,1.000,-0.159,2.1143341064453125,0.8368745974680192,EMERGENCY,1,22.6
09:25:35,0.00,0.00,0.000,1.000,-0.159,2.059722900390625,,EMERGENCY,1,22.6
09:25:35,0.00,0.00,0.000,1.000,-0.159,2.191925048828125,,EMERGENCY,1,23.1
09:25:35,0.00,0.00,0.000,1.000,-0.159,2.037841796875,1.3189643128791078,EMERGENCY,1,23.1
09:25:36,0.00,0.00,0.000,1.000,-0.159,2.0335693359375,1.059570517707384,EMERGENCY,1,23.1
09:25:36,0.00,0.00,0.000,1.000,-0.159,2.191925048828125,,EMERGENCY,1,23.1
09:25:36,0.00,0.00,0.000,1.000,-0.159,2.070343017578125,1.5572130867030316,EMERGENCY,1,23.1
09:25:36,0.00,0.00,0.000,1.000,-0.159,2.0811309814453125,,EMERGENCY,1,22.9
09:25:36,0.00,0.00,0.000,1.000,-0.159,2.0487823486328125,8.007928259343144,EMERGENCY,1,22.9
09:25:37,0.00,0.00,0.000,1.000,-0.159,2.291961669921875,,EMERGENCY,1,22.9
09:25:37,0.00,0.00,0.000,1.000,-0.159,2.099945068359375,1.1528448811992822,EMERGENCY,1,22.9
09:25:37,0.00,0.00,0.000,1.000,-0.159,2.06231689453125,,EMERGENCY,1,22.0
09:25:37,0.00,0.00,0.000,1.000,-0.159,2.12872314453125,,EMERGENCY,1,22.0
09:25:38,0.00,0.00,0.000,1.000,-0.159,2.175201416015625,,EMERGENCY,1,22.0
09:25:38,0.00,0.00,0.000,1.000,-0.159,2.059722900390625,1.5026239700806445,EMERGENCY,1,22.0
09:25:38,0.00,0.00,0.000,1.000,-0.159,2.114837646484375,,EMERGENCY,1,20.0
09:25:38,0.00,0.00,0.000,1.000,-0.159,2.070343017578125,1.0860418278589803,EMERGENCY,1,20.0
09:25:39,0.00,0.00,0.000,1.000,-0.159,2.0663299560546875,,EMERGENCY,1,20.0
09:25:39,0.00,0.00,0.000,1.000,-0.159,2.08514404296875,,EMERGENCY,1,20.0
09:25:39,0.00,0.00,0.000,1.000,-0.159,2.175201416015625,,EMERGENCY,1,20.0
09:25:39,0.00,0.00,0.000,1.000,-0.159,2.1004486083984375,0.6133730853999708,EMERGENCY,1,20.1
09:25:40,0.00,0.00,0.000,1.000,-0.159,2.15533447265625,,EMERGENCY,1,20.1
09:25:40,0.00,0.00,0.000,1.000,-0.159,2.070343017578125,,EMERGENCY,1,20.1
09:25:40,0.00,0.00,0.000,1.000,-0.159,2.08514404296875,2.9900936372473796,EMERGENCY,1,18.5
09:25:40,0.00,0.00,0.000,1.000,-0.159,2.099945068359375,,EMERGENCY,1,18.5
09:25:41,0.00,0.00,0.000,1.000,-0.159,2.0030517578125,2.1462958993133983,EMERGENCY,1,18.5
09:25:41,0.00,0.00,0.000,1.000,-0.159,2.1297149658203125,,EMERGENCY,1,18.5
09:25:41,0.00,0.00,0.000,1.000,-0.159,2.070343017578125,1.5099742978129587,EMERGENCY,1,18.5
09:25:41,0.00,0.00,0.000,1.000,-0.159,2.1009521484375,,EMERGENCY,1,22.2
09:25:42,0.00,0.00,0.000,1.000,-0.159,2.050079345703125,5.4811650464232535,EMERGENCY,1,22.2
09:25:42,0.00,0.00,0.000,1.000,-0.159,2.114837646484375,0.7815738687767354,EMERGENCY,1,22.2
09:25:42,0.00,0.00,0.000,1.000,-0.159,2.081634521484375,,EMERGENCY,1,22.2
09:25:42,0.00,0.00,0.000,1.000,-0.159,2.1009521484375,,EMERGENCY,1,22.2
09:25:42,0.00,0.00,0.000,1.000,-0.159,2.0228271484375,0.7776744762827409,EMERGENCY,1,23.6
09:25:43,0.00,0.00,0.000,1.000,-0.159,2.0856475830078125,,EMERGENCY,1,23.6
09:25:43,0.00,0.00,0.000,1.000,-0.159,2.0487823486328125,7.394264972715306,EMERGENCY,1,23.6
09:25:43,0.00,0.00,0.000,1.000,-0.159,2.08514404296875,5.914281631528641,EMERGENCY,1,23.6
09:25:43,0.00,0.00,0.000,1.000,-0.159,2.12872314453125,,EMERGENCY,1,23.6
09:25:43,0.00,0.00,0.000,1.000,-0.159,2.1603240966796875,,EMERGENCY,1,23.5
09:25:44,0.00,0.00,0.000,1.000,-0.159,2.070343017578125,2.878170319685002,EMERGENCY,1,23.5
09:25:44,0.00,0.00,0.000,1.000,-0.159,2.037841796875,0.39295486943117885,EMERGENCY,1,23.5
09:25:44,0.00,0.00,0.000,1.000,-0.159,2.065032958984375,0.31140213290015795,EMERGENCY,1,23.5
09:25:44,0.00,0.00,0.000,1.000,-0.159,2.158477783203125,,EMERGENCY,1,22.9
09:25:45,0.00,0.00,0.000,1.000,-0.159,2.1436004638671875,,EMERGENCY,1,22.9
09:25:45,0.00,0.00,0.000,1.000,-0.159,2.158477783203125,,EMERGENCY,1,22.9
09:25:45,0.00,0.00,0.000,1.000,-0.159,2.0663299560546875,0.7393433895048518,EMERGENCY,1,22.9
09:25:45,0.00,0.00,0.000,1.000,-0.159,2.070343017578125,1.9664847591954553,EMERGENCY,1,22.9
09:25:45,0.00,0.00,0.000,1.000,-0.159,2.1009521484375,10.39810250314434,EMERGENCY,1,23.1
09:25:46,0.00,0.00,0.000,1.000,-0.159,2.210723876953125,,EMERGENCY,1,23.1
09:25:46,0.00,0.00,0.000,1.000,-0.159,2.1143341064453125,,EMERGENCY,1,23.1
09:25:46,0.00,0.00,0.000,1.000,-0.159,2.059722900390625,0.553823058751676,EMERGENCY,1,23.1
09:25:46,0.00,0.00,0.000,1.000,-0.159,2.1009521484375,,EMERGENCY,1,23.1
09:25:46,0.00,0.00,0.000,1.000,-0.159,2.070343017578125,1.613194125644586,EMERGENCY,1,22.8
09:25:47,0.00,0.00,0.000,1.000,-0.159,2.175201416015625,,EMERGENCY,1,22.8
09:25:47,0.00,0.00,0.000,1.000,-0.159,2.158477783203125,49.16334521080837,EMERGENCY,1,22.8
09:25:47,0.00,0.00,0.000,1.000,-0.159,2.114837646484375,,EMERGENCY,1,22.8
09:25:47,0.00,0.00,0.000,1.000,-0.159,2.070343017578125,0.711228188019652,EMERGENCY,1,22.9
09:25:48,0.00,0.00,0.000,1.000,-0.159,2.1004486083984375,,EMERGENCY,1,22.9
09:25:48,0.00,0.00,0.000,1.000,-0.159,2.184600830078125,,EMERGENCY,1,22.9
09:25:48,0.00,0.00,0.000,1.000,-0.159,2.099945068359375,,EMERGENCY,1,22.9
09:25:48,0.00,0.00,0.000,1.000,-0.159,2.12872314453125,,EMERGENCY,1,22.9
09:25:49,0.00,0.00,0.000,1.000,-0.159,2.023193359375,7.061052768986399,EMERGENCY,1,21.8
09:25:49,0.00,0.00,0.000,1.000,-0.159,2.099945068359375,,EMERGENCY,1,21.8
09:25:49,0.00,0.00,0.000,1.000,-0.159,2.240081787109375,2.0297968597617593,EMERGENCY,1,21.8
09:25:49,0.00,0.00,0.000,1.000,-0.159,2.0688934326171875,,EMERGENCY,1,21.8
09:25:49,0.00,0.00,0.000,1.000,-0.159,2.08514404296875,7.434724789673643,EMERGENCY,1,22.3
09:25:50,0.00,0.00,0.000,1.000,-0.159,2.1009521484375,,EMERGENCY,1,22.3
09:25:50,0.00,0.00,0.000,1.000,-0.159,2.099945068359375,94.3762244311246,EMERGENCY,1,22.3
09:25:50,0.00,0.00,0.000,1.000,-0.159,2.1004486083984375,0.49013258712088503,EMERGENCY,1,22.3
09:25:50,0.00,0.00,0.000,1.000,-0.159,2.08514404296875,1.0349430687263512,EMERGENCY,1,22.3
09:25:51,0.00,0.00,0.000,1.000,-0.159,2.09552001953125,,EMERGENCY,1,22.6
09:25:51,0.00,0.00,0.000,1.000,-0.159,2.114837646484375,,EMERGENCY,1,22.6
09:25:51,0.00,0.00,0.000,1.000,-0.159,2.1009521484375,,EMERGENCY,1,22.6
09:25:51,0.00,0.00,0.000,1.000,-0.159,2.1009521484375,,EMERGENCY,1,22.6
09:25:51,0.00,0.00,0.000,1.000,-0.159,2.06231689453125,,EMERGENCY,1,22.7
09:25:52,0.00,0.00,0.000,1.000,-0.159,2.1004486083984375,,EMERGENCY,1,22.7
09:25:52,0.00,0.00,0.000,1.000,-0.159,2.059722900390625,3.191948467943849,EMERGENCY,1,22.7
09:25:52,0.00,0.00,0.000,1.000,-0.159,2.023193359375,1.069930807628704,EMERGENCY,1,22.7
09:25:52,0.00,0.00,0.000,1.000,-0.159,2.114837646484375,,EMERGENCY,1,22.7
09:25:52,0.00,0.00,0.000,1.000,-0.159,2.0487823486328125,0.34378642050618696,EMERGENCY,1,23.7
09:25:53,0.00,0.00,0.000,1.000,-0.159,2.06231689453125,2.200521629397609,EMERGENCY,1,23.7
09:25:53,0.00,0.00,0.000,1.000,-0.159,2.059722900390625,1.2978861481113737,EMERGENCY,1,23.7
09:25:53,0.00,0.00,0.000,1.000,-0.159,2.0995330810546875,,EMERGENCY,1,23.7
09:25:53,0.00,0.00,0.000,1.000,-0.159,2.06231689453125,1.261551989352002,EMERGENCY,1,23.7
09:25:53,0.00,0.00,0.000,1.000,-0.159,2.0663299560546875,1.3884101902310322,EMERGENCY,1,23.9
09:25:54,0.00,0.00,0.000,1.000,-0.159,2.210723876953125,,EMERGENCY,1,23.9
09:25:54,0.00,0.00,0.000,1.000,-0.159,2.12872314453125,,EMERGENCY,1,23.9
09:25:54,0.00,0.00,0.000,1.000,-0.159,2.1009521484375,,EMERGENCY,1,23.9
09:25:54,0.00,0.00,0.000,1.000,-0.159,2.099945068359375,1.1112781461427972,EMERGENCY,1,23.9
09:25:55,0.00,0.00,0.000,1.000,-0.159,2.191925048828125,,EMERGENCY,1,23.7
09:25:55,0.00,0.00,0.000,1.000,-0.159,2.099945068359375,,EMERGENCY,1,23.7
09:25:55,0.00,0.00,0.000,1.000,-0.159,2.037841796875,3.574878255030758,EMERGENCY,1,23.7
09:25:55,0.00,0.00,0.000,1.000,-0.159,2.0540924072265625,3.627270581811296,EMERGENCY,1,23.7
09:25:55,0.00,0.00,0.000,1.000,-0.159,2.099945068359375,,EMERGENCY,1,23.7
09:25:56,0.00,0.00,0.000,1.000,-0.159,2.070343017578125,1.4231071723922035,EMERGENCY,1,23.4
09:25:56,0.00,0.00,0.000,1.000,-0.159,2.070343017578125,,EMERGENCY,1,23.4
09:25:56,0.00,0.00,0.000,1.000,-0.159,2.050079345703125,2.0064429674765,EMERGENCY,1,23.4
09:25:56,0.00,0.00,0.000,1.000,-0.159,2.12872314453125,,EMERGENCY,1,23.4
09:25:56,0.00,0.00,0.000,1.000,-0.159,2.037841796875,0.5743248868717377,EMERGENCY,1,22.9
09:25:57,0.00,0.00,0.000,1.000,-0.159,2.1143341064453125,,EMERGENCY,1,22.9
09:25:57,0.00,0.00,0.000,1.000,-0.159,2.0811309814453125,,EMERGENCY,1,22.9
09:25:57,0.00,0.00,0.000,1.000,-0.159,2.099945068359375,,EMERGENCY,1,22.9
09:25:57,0.00,0.00,0.000,1.000,-0.159,2.0663299560546875,4.492837940109327,EMERGENCY,1,22.9
09:25:58,0.00,0.00,0.000,1.000,-0.159,2.050079345703125,2.7535814025072143,EMERGENCY,1,23.9
09:25:58,0.00,0.00,0.000,1.000,-0.159,2.158477783203125,,EMERGENCY,1,23.9
09:25:58,0.00,0.00,0.000,1.000,-0.159,2.06939697265625,,EMERGENCY,1,23.9
09:25:58,0.00,0.00,0.000,1.000,-0.159,2.0487823486328125,1.5554626444760522,EMERGENCY,1,23.9
09:25:58,0.00,0.00,0.000,1.000,-0.159,2.059722900390625,,EMERGENCY,1,23.9
09:25:59,0.00,0.00,0.000,1.000,-0.159,2.12872314453125,,EMERGENCY,1,23.5
09:25:59,0.00,0.00,0.000,1.000,-0.159,2.0487823486328125,,EMERGENCY,1,23.5
09:25:59,0.00,0.00,0.000,1.000,-0.159,2.070343017578125,6.020236004996545,EMERGENCY,1,23.5
09:25:59,0.00,0.00,0.000,1.000,-0.159,2.0811309814453125,4.918581334923886,EMERGENCY,1,23.5
09:25:59,0.00,0.00,0.000,1.000,-0.159,2.099945068359375,,EMERGENCY,1,23.5
09:26:00,0.00,0.00,0.000,1.000,-0.159,2.12872314453125,,EMERGENCY,1,23.3
09:26:00,0.00,0.00,0.000,1.000,-0.159,2.008453369140625,2.782658829248335,EMERGENCY,1,23.3
09:26:00,0.00,0.00,0.000,1.000,-0.159,2.0266265869140625,2.612864416829448,EMERGENCY,1,23.3
09:26:00,0.00,0.00,0.000,1.000,-0.159,2.249481201171875,,EMERGENCY,1,23.3
09:26:01,0.00,0.00,0.000,1.000,-0.159,2.184600830078125,,EMERGENCY,1,23.5
09:26:01,0.00,0.00,0.000,1.000,-0.159,2.079833984375,,EMERGENCY,1,23.5
09:26:01,0.00,0.00,0.000,1.000,-0.159,2.1009521484375,1.7221311801940755,EMERGENCY,1,23.5
09:26:01,0.00,0.00,0.000,1.000,-0.159,2.194091796875,,EMERGENCY,1,23.5
09:26:01,0.00,0.00,0.000,1.000,-0.159,2.191925048828125,,EMERGENCY,1,23.5
09:26:02,0.00,0.00,0.000,1.000,-0.159,2.070343017578125,,EMERGENCY,1,22.8
09:26:02,0.00,0.00,0.000,1.000,-0.159,2.0663299560546875,21.977712276770585,EMERGENCY,1,22.8
09:26:02,0.00,0.00,0.000,1.000,-0.159,2.191925048828125,,EMERGENCY,1,22.8
09:26:02,0.00,0.00,0.000,1.000,-0.159,2.099945068359375,6.47592883129589,EMERGENCY,1,22.8
09:26:03,0.00,0.00,0.000,1.000,-0.159,2.0487823486328125,1.7444960415468933,EMERGENCY,1,22.8
09:26:03,0.00,0.00,0.000,1.000,-0.159,2.08514404296875,1.5492751306937884,EMERGENCY,1,22.1
09:26:03,0.00,0.00,0.000,1.000,-0.159,2.081634521484375,,EMERGENCY,1,22.1
09:26:03,0.00,0.00,0.000,1.000,-0.159,2.1009521484375,1.1012863791336833,EMERGENCY,1,22.1
09:26:03,0.00,0.00,0.000,1.000,-0.159,2.1436004638671875,,EMERGENCY,1,22.1
09:26:04,0.00,0.00,0.000,1.000,-0.159,2.291961669921875,,EMERGENCY,1,22.0
09:26:04,0.00,0.00,0.000,1.000,-0.159,2.1004486083984375,,EMERGENCY,1,22.0
09:26:04,0.00,0.00,0.000,1.000,-0.159,2.099945068359375,2.296080928630489,EMERGENCY,1,22.0
09:26:04,0.00,0.00,0.000,1.000,-0.159,2.1009521484375,,EMERGENCY,1,22.0
09:26:05,0.00,0.00,0.000,1.000,-0.159,2.2513427734375,,EMERGENCY,1,20.0
09:26:05,0.00,0.00,0.000,1.000,-0.159,2.059722900390625,9.245216796452972,EMERGENCY,1,20.0
09:26:05,0.00,0.00,0.000,1.000,-0.159,2.1436004638671875,,EMERGENCY,1,20.0
09:26:05,0.00,0.00,0.000,1.000,-0.159,2.0466461181640625,4.931708156415659,EMERGENCY,1,20.0
09:26:06,0.00,0.00,0.000,1.000,-0.159,2.1436004638671875,,EMERGENCY,1,20.0
09:26:06,0.00,0.00,0.000,1.000,-0.159,2.050079345703125,5.163035802885959,EMERGENCY,1,21.6
09:26:06,0.00,0.00,0.000,1.000,-0.159,2.0466461181640625,1.8828340200677447,EMERGENCY,1,21.6
09:26:06,0.00,0.00,0.000,1.000,-0.159,2.070343017578125,,EMERGENCY,1,21.6
09:26:06,0.00,0.00,0.000,1.000,-0.159,2.059722900390625,8.332111819037076,EMERGENCY,1,21.6
09:26:07,0.00,0.00,0.000,1.000,-0.159,2.070343017578125,,EMERGENCY,1,21.6
09:26:07,0.00,0.00,0.000,1.000,-0.159,2.0856475830078125,,EMERGENCY,1,23.3
09:26:07,0.00,0.00,0.000,1.000,-0.159,2.0487823486328125,1.6666210590560833,EMERGENCY,1,23.3
09:26:07,0.00,0.00,0.000,1.000,-0.159,2.0811309814453125,,EMERGENCY,1,23.3
09:26:08,0.00,0.00,0.000,1.000,-0.159,2.06231689453125,2.65519601611188,EMERGENCY,1,23.3
09:26:08,0.00,0.00,0.000,1.000,-0.159,2.037841796875,2.4823938754802577,EMERGENCY,1,23.9
09:26:08,0.00,0.00,0.000,1.000,-0.159,2.037841796875,1.3700141012092162,EMERGENCY,1,23.9
09:26:08,0.00,0.00,0.000,1.000,-0.159,2.114837646484375,,EMERGENCY,1,23.9
09:26:08,0.00,0.00,0.000,1.000,-0.159,2.1143341064453125,2.0563575560519984,EMERGENCY,1,23.9
09:26:09,0.00,0.00,0.000,1.000,-0.159,2.1009521484375,,EMERGENCY,1,23.9
09:26:09,0.00,0.00,0.000,1.000,-0.159,2.06231689453125,0.8539638818918203,EMERGENCY,1,23.9
09:26:09,0.00,0.00,0.000,1.000,-0.159,2.191925048828125,,EMERGENCY,1,23.9
09:26:09,0.00,0.00,0.000,1.000,-0.159,2.037841796875,22.71183281105782,EMERGENCY,1,23.9
09:26:09,0.00,0.00,0.000,1.000,-0.159,2.1009521484375,,EMERGENCY,1,23.9
09:26:10,0.00,0.00,0.000,1.000,-0.159,2.1004486083984375,0.9855761661243201,EMERGENCY,1,23.9
09:26:10,0.00,0.00,0.000,1.000,-0.159,2.1697235107421875,17.882654175452867,EMERGENCY,1,23.6
09:26:10,0.00,0.00,0.000,1.000,-0.159,2.070343017578125,0.7229019156900276,EMERGENCY,1,23.6
09:26:10,0.00,0.00,0.000,1.000,-0.159,2.059722900390625,,EMERGENCY,1,23.6
09:26:10,0.00,0.00,0.000,1.000,-0.159,2.070343017578125,0.8842764695254138,EMERGENCY,1,23.6
09:26:11,0.00,0.00,0.000,1.000,-0.159,2.0414581298828125,1.6008975645782366,EMERGENCY,1,23.6
09:26:11,0.00,0.00,0.000,1.000,-0.159,2.0487823486328125,1.6826992216943593,EMERGENCY,1,23.3
09:26:11,0.00,0.00,0.000,1.000,-0.159,2.070343017578125,1.4390155129509308,EMERGENCY,1,23.3
09:26:11,0.00,0.00,0.000,1.000,-0.159,2.0540924072265625,1.8535366370444266,EMERGENCY,1,23.3
09:26:12,0.00,0.00,0.000,1.000,-0.159,2.14593505859375,,EMERGENCY,1,23.3
09:26:12,0.00,0.00,0.000,1.000,-0.159,2.12872314453125,,EMERGENCY,1,23.3
09:26:12,0.00,0.00,0.000,1.000,-0.159,2.0663299560546875,,EMERGENCY,1,23.4
09:26:12,0.00,0.00,0.000,1.000,-0.159,2.06231689453125,2.4581262703755455,EMERGENCY,1,23.4
09:26:12,0.00,0.00,0.000,1.000,-0.159,2.114837646484375,,EMERGENCY,1,23.4
09:26:13,0.00,0.00,0.000,1.000,-0.159,2.099945068359375,0.7544237054083958,EMERGENCY,1,23.4
09:26:13,0.00,0.00,0.000,1.000,-0.159,2.1603240966796875,,EMERGENCY,1,23.1
09:26:13,0.00,0.00,0.000,1.000,-0.159,2.0335693359375,1.2464591938516367,EMERGENCY,1,23.1
09:26:13,0.00,0.00,0.000,1.000,-0.159,2.1009521484375,,EMERGENCY,1,23.1
09:26:13,0.00,0.00,0.000,1.000,-0.159,2.1009521484375,,EMERGENCY,1,23.1
09:26:14,0.00,0.00,0.000,1.000,-0.159,2.1009521484375,6.143048443637052,EMERGENCY,1,23.1
09:26:14,0.00,0.00,0.000,1.000,-0.159,2.0995330810546875,2.8780607727268137,EMERGENCY,1,22.8
09:26:14,0.00,0.00,0.000,1.000,-0.159,2.0688934326171875,2.558729309289016,EMERGENCY,1,22.8
09:26:14,0.00,0.00,0.000,1.000,-0.159,2.114837646484375,,EMERGENCY,1,22.8
09:26:15,0.00,0.00,0.000,1.000,-0.159,2.1004486083984375,,EMERGENCY,1,22.8
09:26:15,0.00,0.00,0.000,1.000,-0.159,2.037841796875,0.753050656732414,EMERGENCY,1,22.8
09:26:15,0.00,0.00,0.000,1.000,-0.159,2.1697235107421875,,EMERGENCY,1,23.5
09:26:15,0.00,0.00,0.000,1.000,-0.159,2.0610198974609375,9.428227862047486,EMERGENCY,1,23.5
09:26:15,0.00,0.00,0.000,1.000,-0.159,2.175201416015625,5.454439111869701,EMERGENCY,1,23.5
09:26:16,0.00,0.00,0.000,1.000,-0.159,2.070343017578125,,EMERGENCY,1,23.5
09:26:16,0.00,0.00,0.000,1.000,-0.159,2.070343017578125,,EMERGENCY,1,23.5
09:26:16,0.00,0.00,0.000,1.000,-0.159,2.191925048828125,,EMERGENCY,1,24.0
09:26:16,0.00,0.00,0.000,1.000,-0.159,2.099945068359375,1.2107109921982109,EMERGENCY,1,24.0
09:26:16,0.00,0.00,0.000,1.000,-0.159,2.158477783203125,,EMERGENCY,1,24.0
09:26:17,0.00,0.00,0.000,1.000,-0.159,2.1271209716796875,,EMERGENCY,1,24.0
09:26:17,0.00,0.00,0.000,1.000,-0.159,2.0540924072265625,0.8091967325080923,EMERGENCY,1,24.0
09:26:17,0.00,0.00,0.000,1.000,-0.159,2.099945068359375,1.441000740644954,EMERGENCY,1,24.1
09:26:17,0.00,0.00,0.000,1.000,-0.159,2.158477783203125,,EMERGENCY,1,24.1
09:26:17,0.00,0.00,0.000,1.000,-0.159,2.0467681884765625,1.6164917052390755,EMERGENCY,1,24.1
09:26:18,0.00,0.00,0.000,1.000,-0.159,2.050079345703125,,EMERGENCY,1,24.1
09:26:18,0.00,0.00,0.000,1.000,-0.159,2.288238525390625,,EMERGENCY,1,24.1
09:26:18,0.00,0.00,0.000,1.000,-0.159,2.131134033203125,,EMERGENCY,1,24.0
09:26:18,0.00,0.00,0.000,1.000,-0.159,2.099945068359375,191.31076262213966,EMERGENCY,1,24.0
09:26:19,0.00,0.00,0.000,1.000,-0.159,2.1297149658203125,,EMERGENCY,1,24.0
09:26:19,0.00,0.00,0.000,1.000,-0.159,2.099945068359375,,EMERGENCY,1,24.0
09:26:19,0.00,0.00,0.000,1.000,-0.159,2.03570556640625,0.7630989836695978,EMERGENCY,1,22.5
09:26:19,0.00,0.00,0.000,1.000,-0.159,2.030517578125,1.1809105443375982,EMERGENCY,1,22.5
09:26:19,0.00,0.00,0.000,1.000,-0.159,2.12872314453125,2.890304552224966,EMERGENCY,1,22.5
09:26:20,0.00,0.00,0.000,1.000,-0.159,2.0663299560546875,2.5986401977784492,EMERGENCY,1,22.5
09:26:20,0.00,0.00,0.000,1.000,-0.159,2.06231689453125,,EMERGENCY,1,22.5
09:26:20,0.00,0.00,0.000,1.000,-0.159,2.1004486083984375,,EMERGENCY,1,24.0
09:26:20,0.00,0.00,0.000,1.000,-0.159,2.099945068359375,3.015442006958258,EMERGENCY,1,24.0
09:26:20,0.00,0.00,0.000,1.000,-0.159,2.201324462890625,,EMERGENCY,1,24.0
09:26:21,0.00,0.00,0.000,1.000,-0.159,2.050079345703125,5.422092924431457,EMERGENCY,1,24.0
09:26:21,0.00,0.00,0.000,1.000,-0.159,2.1009521484375,,EMERGENCY,1,24.0
09:26:21,0.00,0.00,0.000,1.000,-0.159,2.0663299560546875,2.611652182385535,EMERGENCY,1,23.5
09:26:21,0.00,0.00,0.000,1.000,-0.159,2.070343017578125,5.923322074437879,EMERGENCY,1,23.5
09:26:22,0.00,0.00,0.000,1.000,-0.159,2.12872314453125,,EMERGENCY,1,23.5
09:26:22,0.00,0.00,0.000,1.000,-0.159,2.099945068359375,,EMERGENCY,1,23.5
09:26:22,0.00,0.00,0.000,1.000,-0.159,2.037841796875,,EMERGENCY,1,23.5
09:26:22,0.00,0.00,0.000,1.000,-0.159,2.1009521484375,,EMERGENCY,1,24.1
09:26:22,0.00,0.00,0.000,1.000,-0.159,2.12872314453125,,EMERGENCY,1,24.1
09:26:23,0.00,0.00,0.000,1.000,-0.159,2.03570556640625,3.224854101828479,EMERGENCY,1,24.1
09:26:23,0.00,0.00,0.000,1.000,-0.159,2.1009521484375,1.5267255636361927,EMERGENCY,1,24.1
09:26:23,0.00,0.00,0.000,1.000,-0.159,2.037841796875,3.5617163145204684,EMERGENCY,1,24.1
09:26:23,0.00,0.00,0.000,1.000,-0.159,2.099945068359375,88.23696741190822,EMERGENCY,1,24.0
09:26:23,0.00,0.00,0.000,1.000,-0.159,2.0995330810546875,,EMERGENCY,1,24.0
09:26:24,0.00,0.00,0.000,1.000,-0.159,2.1436004638671875,,EMERGENCY,1,24.0
09:26:24,0.00,0.00,0.000,1.000,-0.159,2.06231689453125,3.568548382147221,EMERGENCY,1,24.0
09:26:24,0.00,0.00,0.000,1.000,-0.159,2.099945068359375,,EMERGENCY,1,24.0
09:26:24,0.00,0.00,0.000,1.000,-0.159,2.06231689453125,20.592047956053293,EMERGENCY,1,23.8
09:26:24,0.00,0.00,0.000,1.000,-0.159,2.037841796875,1.8468865708381899,EMERGENCY,1,23.8
09:26:25,0.00,0.00,0.000,1.000,-0.159,2.059722900390625,8.285825391610464,EMERGENCY,1,23.8
09:26:25,0.00,0.00,0.000,1.000,-0.159,2.114837646484375,,EMERGENCY,1,23.8
09:26:25,0.00,0.00,0.000,1.000,-0.159,2.0610198974609375,,EMERGENCY,1,23.8
09:26:25,0.00,0.00,0.000,1.000,-0.159,2.1297149658203125,,EMERGENCY,1,23.2
09:26:26,0.00,0.00,0.000,1.000,-0.159,1.98291015625,1.0633670835680653,EMERGENCY,1,23.2
09:26:26,0.00,0.00,0.000,1.000,-0.159,2.12872314453125,,EMERGENCY,1,23.2
09:26:26,0.00,0.00,0.000,1.000,-0.159,2.3183135986328125,,EMERGENCY,1,23.2
09:26:26,0.00,0.00,0.000,1.000,-0.159,2.1009521484375,6.289292605892642,EMERGENCY,1,24.0
09:26:26,0.00,0.00,0.000,1.000,-0.159,2.070343017578125,2.0622417143637466,EMERGENCY,1,24.0
09:26:27,0.00,0.00,0.000,1.000,-0.159,2.3201751708984375,,EMERGENCY,1,24.0
09:26:27,0.00,0.00,0.000,1.000,-0.159,2.191925048828125,,EMERGENCY,1,24.0
09:26:27,0.00,0.00,0.000,1.000,-0.159,2.12921142578125,,EMERGENCY,1,24.0
09:26:27,0.00,0.00,0.000,1.000,-0.159,2.223358154296875,,EMERGENCY,1,23.2
09:26:27,0.00,0.00,0.000,1.000,-0.159,2.059722900390625,1.1739450997388512,EMERGENCY,1,23.2
09:26:28,0.00,0.00,0.000,1.000,-0.159,2.12921142578125,1.7753418391729519,EMERGENCY,1,23.2
09:26:28,0.00,0.00,0.000,1.000,-0.159,2.12921142578125,,EMERGENCY,1,23.2
09:26:28,0.00,0.00,0.000,1.000,-0.159,2.099945068359375,,EMERGENCY,1,23.2
09:26:28,0.00,0.00,0.000,1.000,-0.159,2.12872314453125,,EMERGENCY,1,21.4
09:26:29,0.00,0.00,0.000,1.000,-0.159,2.06231689453125,,EMERGENCY,1,21.4
09:26:29,0.00,0.00,0.000,1.000,-0.159,2.070343017578125,,EMERGENCY,1,21.4
09:26:29,0.00,0.00,0.000,1.000,-0.159,2.158477783203125,,EMERGENCY,1,21.4
09:26:29,0.00,0.00,0.000,1.000,-0.159,2.1464385986328125,,EMERGENCY,1,21.6
09:26:30,0.00,0.00,0.000,1.000,-0.159,2.12872314453125,,EMERGENCY,1,21.6
09:26:30,0.00,0.00,0.000,1.000,-0.159,2.08514404296875,8.318291609512281,EMERGENCY,1,21.6
09:26:30,0.00,0.00,0.000,1.000,-0.159,2.1009521484375,0.4475052204876859,EMERGENCY,1,21.6
09:26:30,0.00,0.00,0.000,1.000,-0.159,2.099945068359375,,EMERGENCY,1,20.6
09:26:31,0.00,0.00,0.000,1.000,-0.159,2.0663299560546875,2.5833311864643065,EMERGENCY,1,20.6
09:26:31,0.00,0.00,0.000,1.000,-0.159,2.114837646484375,,EMERGENCY,1,20.6
09:26:31,0.00,0.00,0.000,1.000,-0.159,2.099945068359375,1.8909987908316344,EMERGENCY,1,20.6
09:26:31,0.00,0.00,0.000,1.000,-0.159,2.12872314453125,,EMERGENCY,1,20.6
09:26:31,0.00,0.00,0.000,1.000,-0.159,2.1009521484375,0.9453535838160728,EMERGENCY,1,23.3
09:26:32,0.00,0.00,0.000,1.000,-0.159,2.08514404296875,0.8247751431929857,EMERGENCY,1,23.3
09:26:32,0.00,0.00,0.000,1.000,-0.159,2.1297149658203125,,EMERGENCY,1,23.3
09:26:32,0.00,0.00,0.000,1.000,-0.159,2.1009521484375,,EMERGENCY,1,23.3
09:26:32,0.00,0.00,0.000,1.000,-0.159,2.1004486083984375,2.4927960374212828,EMERGENCY,1,23.3
09:26:32,0.00,0.00,0.000,1.000,-0.159,2.191925048828125,,EMERGENCY,1,23.5
09:26:33,0.00,0.00,0.000,1.000,-0.159,2.12872314453125,,EMERGENCY,1,23.5
09:26:33,0.00,0.00,0.000,1.000,-0.159,2.06231689453125,2.4346075498662287,EMERGENCY,1,23.5
09:26:33,0.00,0.00,0.000,1.000,-0.159,2.099945068359375,182.06483970988882,EMERGENCY,1,23.5
09:26:33,0.00,0.00,0.000,1.000,-0.159,2.0811309814453125,,EMERGENCY,1,23.5
09:26:33,0.00,0.00,0.000,1.000,-0.159,2.037841796875,0.896709411395645,EMERGENCY,1,24.1
09:26:34,0.00,0.00,0.000,1.000,-0.159,2.1004486083984375,,EMERGENCY,1,24.1
09:26:34,0.00,0.00,0.000,1.000,-0.159,2.037841796875,8.426792022407138,EMERGENCY,1,24.1
09:26:34,0.00,0.00,0.000,1.000,-0.159,2.037841796875,0.6106118632538852,EMERGENCY,1,24.1
09:26:34,0.00,0.00,0.000,1.000,-0.159,2.201324462890625,,EMERGENCY,1,24.1
09:26:34,0.00,0.00,0.000,1.000,-0.159,2.099945068359375,0.7940417289733886,EMERGENCY,1,24.1
09:26:35,0.00,0.00,0.000,1.000,-0.159,2.158477783203125,,EMERGENCY,1,24.1
09:26:35,0.00,0.00,0.000,1.000,-0.159,2.06231689453125,0.3880141203043162,EMERGENCY,1,24.1
09:26:35,0.00,0.00,0.000,1.000,-0.159,2.1436004638671875,31.427948736375377,EMERGENCY,1,24.1
09:26:35,0.00,0.00,0.000,1.000,-0.159,2.210723876953125,,EMERGENCY,1,24.1
09:26:36,0.00,0.00,0.000,1.000,-0.159,2.158477783203125,,EMERGENCY,1,23.7
09:26:36,0.00,0.00,0.000,1.000,-0.159,2.023193359375,2.1749057368071703,EMERGENCY,1,23.7
09:26:36,0.00,0.00,0.000,1.000,-0.159,2.037841796875,0.7858770158291754,EMERGENCY,1,23.7
09:26:36,0.00,0.00,0.000,1.000,-0.159,2.0610198974609375,0.7023757432276643,EMERGENCY,1,23.7
09:26:36,0.00,0.00,0.000,1.000,-0.159,2.099945068359375,,EMERGENCY,1,22.7
09:26:37,0.00,0.00,0.000,1.000,-0.159,2.114837646484375,,EMERGENCY,1,22.7
09:26:37,0.00,0.00,0.000,1.000,-0.159,2.065032958984375,,EMERGENCY,1,22.7
09:26:37,0.00,0.00,0.000,1.000,-0.159,2.240081787109375,,EMERGENCY,1,22.7
09:26:37,0.00,0.00,0.000,1.000,-0.159,2.0663299560546875,2.597978457287664,EMERGENCY,1,22.7
09:26:38,0.00,0.00,0.000,1.000,-0.159,2.10211181640625,0.7989627294648485,EMERGENCY,1,23.2
09:26:38,0.00,0.00,0.000,1.000,-0.159,2.123046875,,EMERGENCY,1,23.2
09:26:38,0.00,0.00,0.000,1.000,-0.159,2.0822601318359375,0.9713012138726786,EMERGENCY,1,23.2
09:26:38,0.33,30.00,1.000,0.000,-0.159,,,CLEAR,1,23.2
09:26:38,4.02,30.00,1.000,0.000,-0.164,,,CLEAR,0,23.2
09:26:39,10.64,30.00,1.000,0.000,-0.180,,,CLEAR,0,23.7
09:26:39,17.10,30.00,0.891,0.000,-0.222,,,CLEAR,0,23.7
09:26:39,20.37,30.00,1.000,0.000,-0.957,,,CLEAR,0,23.7
09:26:39,22.56,30.00,0.755,0.000,0.200,,,CLEAR,0,23.7
09:26:39,25.42,30.00,1.000,0.000,0.992,,,CLEAR,1,23.7
09:26:40,25.62,30.00,0.785,0.000,1.000,,,CLEAR,0,24.0
09:26:40,25.89,30.00,0.590,0.000,-0.200,,,CLEAR,0,24.0
09:26:40,6.04,30.00,1.000,0.000,-0.983,,,CLEAR,0,24.0
09:26:40,0.61,30.00,1.000,0.000,-0.974,,,CLEAR,0,24.0
09:26:40,0.24,30.00,1.000,0.000,-0.998,,,CLEAR,0,24.0
09:26:41,0.29,30.00,1.000,0.000,-1.000,,,CLEAR,0,24.9
09:26:41,0.30,30.00,1.000,0.000,-1.000,,,CLEAR,0,24.9
09:26:41,0.30,30.00,1.000,0.000,-1.000,,,CLEAR,0,24.9
09:26:41,0.30,30.00,1.000,0.000,-1.000,,,CLEAR,0,24.9
09:26:41,0.30,30.00,1.000,0.000,-1.000,,,CLEAR,0,24.9
09:26:42,0.29,30.00,1.000,0.000,-1.000,,,CLEAR,0,25.7
09:26:42,0.29,30.00,1.000,0.000,-1.000,,,CLEAR,0,25.7
09:26:42,0.29,30.00,1.000,0.000,-1.000,,,CLEAR,0,25.7
09:26:42,0.28,30.00,1.000,0.000,-1.000,,,CLEAR,0,25.7
09:26:42,0.28,30.00,1.000,0.000,-1.000,,,CLEAR,0,25.7
09:26:43,0.28,30.00,1.000,0.000,-1.000,,,CLEAR,0,25.3
09:26:43,0.28,30.00,1.000,0.000,-1.000,,,CLEAR,0,25.3
09:26:43,0.28,30.00,1.000,0.000,-1.000,,,CLEAR,0,25.3
09:26:43,0.27,30.00,1.000,0.000,-1.000,,,CLEAR,0,25.3
09:26:43,0.26,30.00,1.000,0.000,-1.000,,,CLEAR,0,25.3
09:26:44,0.26,30.00,1.000,0.000,-1.000,,,CLEAR,0,25.8
09:26:44,0.26,30.00,1.000,0.000,-1.000,,,CLEAR,0,25.8
09:26:44,0.25,30.00,1.000,0.000,-1.000,,,CLEAR,0,25.8
09:26:44,0.25,30.00,1.000,0.000,-1.000,,,CLEAR,0,25.8
09:26:44,0.24,30.00,1.000,0.000,-1.000,,,CLEAR,0,25.8
09:26:45,0.24,30.00,1.000,0.000,-1.000,,,CLEAR,0,25.8
09:26:45,0.24,30.00,1.000,0.000,-1.000,,,CLEAR,0,25.2
09:26:45,0.23,30.00,1.000,0.000,-1.000,,,CLEAR,0,25.2
09:26:45,0.22,30.00,1.000,0.000,-1.000,,,CLEAR,0,25.2
09:26:45,0.21,30.00,1.000,0.000,-1.000,,,CLEAR,0,25.2
09:26:46,0.21,30.00,1.000,0.000,-1.000,,,CLEAR,0,25.2
09:26:46,0.21,30.00,1.000,0.000,-1.000,,,CLEAR,0,25.8
09:26:46,0.06,30.00,1.000,0.000,-1.000,,,CLEAR,0,25.8
09:26:46,0.14,30.00,1.000,0.000,-1.000,,,CLEAR,0,25.8
09:26:46,0.14,30.00,1.000,0.000,-1.000,,,CLEAR,0,25.8
09:26:46,0.09,30.00,1.000,0.000,-1.000,,,CLEAR,0,25.8
09:26:47,0.10,30.00,1.000,0.000,-1.000,,,CLEAR,0,26.3
09:26:47,0.16,30.00,1.000,0.000,-1.000,,,CLEAR,0,26.3
09:26:47,0.11,30.00,1.000,0.000,-1.000,,,CLEAR,0,26.3
09:26:47,0.16,30.00,1.000,0.000,-1.000,,,CLEAR,0,26.3
09:26:47,0.15,30.00,1.000,0.000,-1.000,,,CLEAR,0,26.3
09:26:48,0.10,30.00,1.000,0.000,-1.000,,,CLEAR,0,26.3
09:26:48,0.16,30.00,1.000,0.000,-1.000,,,CLEAR,0,26.1
09:26:48,0.12,30.00,1.000,0.000,-1.000,,,CLEAR,0,26.1
09:26:48,0.16,30.00,1.000,0.000,-1.000,,,CLEAR,0,26.1
09:26:48,0.17,30.00,1.000,0.000,-1.000,,,CLEAR,0,26.1
09:26:49,0.16,30.00,1.000,0.000,-1.000,,,CLEAR,0,26.1
09:26:49,0.11,30.00,1.000,0.000,-1.000,,,CLEAR,0,25.0
09:26:49,0.10,30.00,1.000,0.000,-1.000,,,CLEAR,0,25.0
09:26:49,0.17,30.00,1.000,0.000,-1.000,,,CLEAR,0,25.0
09:26:49,0.17,30.00,1.000,0.000,-1.000,,,CLEAR,0,25.0
09:26:50,0.16,30.00,1.000,0.000,-1.000,,,CLEAR,0,25.0
09:26:50,0.16,30.00,1.000,0.000,-1.000,,,CLEAR,0,25.3
09:26:50,0.14,30.00,1.000,0.000,-1.000,,,CLEAR,0,25.3
09:26:50,0.13,30.00,1.000,0.000,-1.000,,,CLEAR,0,25.3
09:26:50,0.13,30.00,1.000,0.000,-1.000,,,CLEAR,0,25.3
09:26:51,0.14,30.00,1.000,0.000,-1.000,,,CLEAR,0,25.3
09:26:51,0.13,30.00,1.000,0.000,-1.000,,,CLEAR,0,26.0
09:26:51,0.14,30.00,1.000,0.000,-1.000,,,CLEAR,0,26.0
09:26:51,0.13,30.00,1.000,0.000,-1.000,,,CLEAR,0,26.0
09:26:51,0.14,30.00,1.000,0.000,-1.000,,,CLEAR,0,26.0
09:26:52,0.06,30.00,1.000,0.000,-1.000,,,CLEAR,0,26.0
09:26:52,0.05,30.00,1.000,0.000,-1.000,,,CLEAR,0,24.9
09:26:52,0.02,30.00,1.000,0.000,-1.000,,,CLEAR,0,24.9
09:26:52,0.03,30.00,1.000,0.000,-1.000,,,CLEAR,0,24.9
09:26:52,0.03,30.00,1.000,0.000,-1.000,,,CLEAR,0,24.9
09:26:53,0.02,30.00,1.000,0.000,-1.000,,,CLEAR,0,24.9
09:26:53,0.04,30.00,1.000,0.000,-1.000,,,CLEAR,0,23.7
09:26:53,0.03,30.00,1.000,0.000,-1.000,,,CLEAR,0,23.7
09:26:53,0.07,30.00,1.000,0.000,-1.000,,,CLEAR,0,23.7
09:26:53,0.06,30.00,1.000,0.000,-1.000,,,CLEAR,0,23.7
09:26:54,0.06,30.00,1.000,0.000,-1.000,,,CLEAR,0,23.7
09:26:54,0.06,30.00,1.000,0.000,-1.000,,,CLEAR,0,24.0
09:26:54,0.06,30.00,1.000,0.000,-1.000,,,CLEAR,0,24.0
09:26:54,0.06,30.00,1.000,0.000,-1.000,,,CLEAR,0,24.0
09:26:55,0.06,30.00,1.000,0.000,-1.000,,,CLEAR,0,24.0
09:26:55,0.06,30.00,1.000,0.000,-1.000,,,CLEAR,0,24.0
09:26:55,0.06,30.00,1.000,0.000,-1.000,,,CLEAR,0,23.0
09:26:55,0.06,30.00,1.000,0.000,-1.000,,,CLEAR,0,23.0
09:26:55,0.06,30.00,1.000,0.000,-1.000,,,CLEAR,0,23.0
09:26:56,0.06,30.00,1.000,0.000,-1.000,,,CLEAR,0,23.0
09:26:56,0.06,30.00,1.000,0.000,-1.000,,,CLEAR,0,23.2
09:26:56,0.06,30.00,1.000,0.000,-1.000,,,CLEAR,0,23.2
09:26:56,0.06,30.00,1.000,0.000,-1.000,,,CLEAR,0,23.2
09:26:56,0.06,30.00,1.000,0.000,-1.000,,,CLEAR,0,23.2
09:26:57,0.06,30.00,1.000,0.000,-1.000,,,CLEAR,0,23.2
09:26:57,0.06,30.00,1.000,0.000,-1.000,,,CLEAR,0,23.2
09:26:57,0.06,30.00,1.000,0.000,-1.000,,,CLEAR,0,25.5
09:26:57,0.06,30.00,1.000,0.000,-1.000,,,CLEAR,0,25.5
09:26:57,0.06,30.00,1.000,0.000,-1.000,,,CLEAR,0,25.5
09:26:58,0.06,30.00,1.000,0.000,-1.000,,,CLEAR,0,25.5
09:26:58,0.06,30.00,1.000,0.000,-1.000,,,CLEAR,0,25.5
09:26:58,0.06,30.00,1.000,0.000,-1.000,,,CLEAR,0,26.4
09:26:58,0.06,30.00,1.000,0.000,-1.000,,,CLEAR,0,26.4
09:26:58,0.06,30.00,1.000,0.000,-1.000,,,CLEAR,0,26.4
09:26:58,0.06,30.00,1.000,0.000,-1.000,,,CLEAR,0,26.4
09:26:59,0.06,30.00,1.000,0.000,-1.000,,,CLEAR,0,26.4
09:26:59,0.06,30.00,1.000,0.000,-1.000,,,CLEAR,0,26.8
09:26:59,0.06,30.00,1.000,0.000,-1.000,,,CLEAR,0,26.8
09:26:59,0.06,30.00,1.000,0.000,-1.000,,,CLEAR,0,26.8
09:26:59,0.06,30.00,1.000,0.000,-1.000,,,CLEAR,0,26.8
09:27:00,0.06,30.00,1.000,0.000,-1.000,,,CLEAR,0,26.8
09:27:00,0.06,30.00,1.000,0.000,-1.000,,,CLEAR,0,26.8
09:27:00,0.06,30.00,1.000,0.000,-1.000,,,CLEAR,0,26.4
09:27:00,0.06,30.00,1.000,0.000,-1.000,,,CLEAR,0,26.4
09:27:00,0.06,30.00,1.000,0.000,-1.000,,,CLEAR,0,26.4
09:27:01,0.06,30.00,1.000,0.000,-1.000,,,CLEAR,0,26.4
09:27:01,0.06,30.00,1.000,0.000,-1.000,,,CLEAR,0,26.4
09:27:01,0.06,30.00,1.000,0.000,-1.000,,,CLEAR,0,26.4
09:27:01,0.06,30.00,1.000,0.000,-1.000,,,CLEAR,0,26.4
09:27:01,0.10,30.00,1.000,0.000,-1.000,,,CLEAR,0,26.4
09:27:01,0.05,30.00,1.000,0.000,-1.000,,,CLEAR,0,26.4
09:27:02,0.05,30.00,1.000,0.000,-1.000,,,CLEAR,0,26.4
09:27:02,0.08,30.00,1.000,0.000,-1.000,,,CLEAR,0,26.4
09:27:02,0.03,30.00,1.000,0.000,-1.000,,,CLEAR,0,27.0
09:27:02,0.04,30.00,1.000,0.000,-1.000,,,CLEAR,0,27.0
09:27:02,0.04,30.00,1.000,0.000,-1.000,,,CLEAR,0,27.0
09:27:03,0.07,30.00,1.000,0.000,-1.000,,,CLEAR,0,27.0
09:27:03,0.02,30.00,1.000,0.000,-1.000,,,CLEAR,0,27.0
09:27:03,0.03,30.00,1.000,0.000,-1.000,,,CLEAR,0,26.0
09:27:03,0.04,30.00,1.000,0.000,-1.000,,,CLEAR,0,26.0
09:27:03,0.03,30.00,1.000,0.000,-1.000,,,CLEAR,0,26.0
09:27:04,0.02,30.00,1.000,0.000,-1.000,,,CLEAR,0,26.0
09:27:04,0.05,30.00,1.000,0.000,-1.000,,,CLEAR,0,26.0
09:27:04,0.03,30.00,1.000,0.000,-1.000,,,CLEAR,0,25.2
09:27:04,0.03,30.00,1.000,0.000,-1.000,,,CLEAR,0,25.2
09:27:04,0.03,30.00,1.000,0.000,-1.000,,,CLEAR,0,25.2
09:27:05,0.09,30.00,1.000,0.000,-1.000,,,CLEAR,0,25.2
09:27:05,0.10,30.00,1.000,0.000,-1.000,,,CLEAR,0,25.2
09:27:05,0.05,30.00,1.000,0.000,-1.000,,,CLEAR,0,25.5
09:27:05,0.04,30.00,1.000,0.000,-1.000,,,CLEAR,0,25.5
09:27:05,0.03,30.00,1.000,0.000,-1.000,,,CLEAR,0,25.5
09:27:06,0.08,30.00,1.000,0.000,-1.000,,,CLEAR,0,25.5
09:27:06,0.09,30.00,1.000,0.000,-1.000,,,CLEAR,0,25.5
09:27:06,0.06,30.00,1.000,0.000,-1.000,,,CLEAR,0,25.5
09:27:06,0.05,30.00,1.000,0.000,-1.000,,,CLEAR,0,26.6
09:27:06,0.01,30.00,1.000,0.000,-1.000,,,CLEAR,0,26.6
09:27:06,0.01,30.00,1.000,0.000,-1.000,,,CLEAR,0,26.6
09:27:07,0.02,30.00,1.000,0.000,-1.000,,,CLEAR,0,26.6
09:27:07,0.00,30.00,1.000,0.000,-1.000,,,CLEAR,0,26.6
09:27:07,0.02,30.00,1.000,0.000,-1.000,,,CLEAR,0,26.6
09:27:07,0.02,30.00,1.000,0.000,-1.000,,,CLEAR,0,26.6
09:27:07,0.02,30.00,1.000,0.000,-1.000,,,CLEAR,0,26.6
09:27:08,0.04,30.00,1.000,0.000,-1.000,,,CLEAR,0,26.6
09:27:08,0.04,30.00,1.000,0.000,-1.000,,,CLEAR,0,26.6
09:27:08,0.01,30.00,1.000,0.000,-1.000,,,CLEAR,0,26.6
09:27:08,0.01,30.00,1.000,0.000,-1.000,,,CLEAR,0,26.2
09:27:08,0.01,30.00,1.000,0.000,-1.000,,,CLEAR,0,26.2
09:27:09,0.01,30.00,1.000,0.000,-1.000,,,CLEAR,0,26.2
09:27:09,0.01,30.00,1.000,0.000,-1.000,,,CLEAR,0,26.2
09:27:09,0.00,30.00,1.000,0.000,-1.000,,,CLEAR,0,26.2
09:27:09,0.02,30.00,1.000,0.000,-1.000,,,CLEAR,0,26.1
09:27:09,0.03,30.00,1.000,0.000,-1.000,,,CLEAR,0,26.1
09:27:10,0.01,30.00,1.000,0.000,-1.000,,,CLEAR,0,26.1
09:27:10,0.01,30.00,1.000,0.000,-1.000,,,CLEAR,0,26.1
09:27:10,0.02,30.00,1.000,0.000,-1.000,,,CLEAR,0,26.1
09:27:10,0.01,30.00,1.000,0.000,-1.000,,,CLEAR,0,24.9
09:27:10,0.01,30.00,1.000,0.000,-1.000,,,CLEAR,0,24.9
09:27:11,0.01,30.00,1.000,0.000,-1.000,,,CLEAR,0,24.9
09:27:11,0.01,30.00,1.000,0.000,-1.000,,,CLEAR,0,24.9
09:27:11,0.01,30.00,1.000,0.000,-1.000,,,CLEAR,0,24.9
09:27:11,0.01,30.00,1.000,0.000,-1.000,,,CLEAR,0,23.8
09:27:11,0.01,30.00,1.000,0.000,-1.000,,,CLEAR,0,23.8
09:27:12,0.01,30.00,1.000,0.000,-1.000,,,CLEAR,0,23.8
09:27:12,0.01,30.00,1.000,0.000,-1.000,,,CLEAR,0,23.8
09:27:12,0.01,30.00,1.000,0.000,-1.000,,,CLEAR,0,23.8
09:27:12,0.01,30.00,1.000,0.000,-1.000,,,CLEAR,0,24.7
09:27:12,0.00,30.00,1.000,0.000,-1.000,,,CLEAR,0,24.7
09:27:13,0.00,30.00,1.000,0.000,-1.000,,,CLEAR,0,24.7
09:27:13,0.00,30.00,1.000,0.000,-1.000,,,CLEAR,0,24.7
09:27:13,0.01,30.00,1.000,0.000,-1.000,,,CLEAR,0,24.7
09:27:13,0.01,30.00,1.000,0.000,-1.000,,,CLEAR,0,24.7
09:27:13,0.05,30.00,1.000,0.000,-1.000,,,CLEAR,0,24.7
09:27:14,0.01,30.00,1.000,0.000,-1.000,,,CLEAR,0,24.7
09:27:14,0.00,30.00,1.000,0.000,-1.000,,,CLEAR,0,24.7
09:27:14,0.00,30.00,1.000,0.000,-1.000,,,CLEAR,0,24.7
09:27:14,0.04,30.00,1.000,0.000,-1.000,,,CLEAR,0,26.3
09:27:14,0.01,30.00,1.000,0.000,-1.000,,,CLEAR,0,26.3
09:27:15,0.00,30.00,1.000,0.000,-1.000,,,CLEAR,0,26.3
09:27:15,0.00,30.00,1.000,0.000,-1.000,,,CLEAR,0,26.3
09:27:15,0.01,30.00,1.000,0.000,-1.000,,,CLEAR,0,26.3
09:27:15,0.00,30.00,1.000,0.000,-1.000,,,CLEAR,0,26.3
09:27:15,0.01,30.00,1.000,0.000,-1.000,,,CLEAR,0,26.2
09:27:16,0.01,30.00,1.000,0.000,-1.000,,,CLEAR,0,26.2
09:27:16,0.05,30.00,1.000,0.000,-1.000,,,CLEAR,0,26.2
09:27:16,0.01,30.00,1.000,0.000,-1.000,,,CLEAR,0,26.2
09:27:16,0.00,30.00,1.000,0.000,-1.000,,,CLEAR,0,26.2
09:27:16,0.01,30.00,1.000,0.000,-1.000,,,CLEAR,0,26.1
09:27:16,0.01,30.00,1.000,0.000,-1.000,,,CLEAR,0,26.1
09:27:17,0.00,30.00,1.000,0.000,-1.000,,,CLEAR,0,26.1
09:27:17,0.01,30.00,1.000,0.000,-1.000,,,CLEAR,0,26.1
09:27:17,0.01,30.00,1.000,0.000,-1.000,,,CLEAR,0,26.1
09:27:17,0.01,30.00,1.000,0.000,-1.000,,,CLEAR,0,24.7
09:27:17,0.01,30.00,1.000,0.000,-1.000,,,CLEAR,0,24.7
09:27:18,0.01,30.00,1.000,0.000,-1.000,,,CLEAR,0,24.7
09:27:18,0.02,30.00,1.000,0.000,-1.000,,,CLEAR,0,24.7
09:27:18,0.01,30.00,1.000,0.000,-1.000,,,CLEAR,0,24.7
09:27:18,0.01,30.00,1.000,0.000,-1.000,,,CLEAR,0,26.2
09:27:18,0.03,30.00,1.000,0.000,-1.000,,,CLEAR,0,26.2
09:27:19,0.03,30.00,1.000,0.000,-1.000,,,CLEAR,0,26.2
09:27:19,0.01,30.00,1.000,0.000,-1.000,,,CLEAR,0,26.2
09:27:19,0.00,30.00,1.000,0.000,-1.000,,,CLEAR,0,26.2
09:27:19,0.04,30.00,1.000,0.000,-1.000,,,CLEAR,0,26.2
09:27:19,0.01,30.00,1.000,0.000,-1.000,,,CLEAR,0,25.9
09:27:20,0.02,30.00,1.000,0.000,-1.000,,,CLEAR,0,25.9
09:27:20,0.02,30.00,1.000,0.000,-1.000,,,CLEAR,0,25.9
09:27:20,0.01,30.00,1.000,0.000,-1.000,,,CLEAR,0,25.9
09:27:20,0.01,30.00,1.000,0.000,-1.000,,,CLEAR,0,25.9
09:27:20,0.01,30.00,1.000,0.000,-1.000,,,CLEAR,0,26.8
09:27:21,0.00,30.00,1.000,0.000,-1.000,,,CLEAR,0,26.8
09:27:21,0.01,30.00,1.000,0.000,-1.000,,,CLEAR,0,26.8
09:27:21,0.01,30.00,1.000,0.000,-1.000,,,CLEAR,0,26.8
09:27:21,0.01,30.00,1.000,0.000,-1.000,,,CLEAR,0,26.8
09:27:21,0.01,30.00,1.000,0.000,-1.000,,,CLEAR,0,26.8
09:27:21,0.01,30.00,1.000,0.000,-1.000,,,CLEAR,0,26.8
09:27:22,0.00,30.00,1.000,0.000,-1.000,,,CLEAR,0,26.8
09:27:22,0.01,30.00,1.000,0.000,-1.000,,,CLEAR,0,26.8
09:27:22,0.01,30.00,1.000,0.000,-1.000,,,CLEAR,0,26.8
09:27:22,0.00,30.00,1.000,0.000,-1.000,,,CLEAR,0,26.8
09:27:22,0.02,30.00,1.000,0.000,-1.000,,,CLEAR,0,25.3
09:27:23,0.01,30.00,1.000,0.000,-1.000,,,CLEAR,0,25.3
09:27:23,0.02,30.00,1.000,0.000,-1.000,,,CLEAR,0,25.3
09:27:23,0.01,30.00,1.000,0.000,-1.000,,,CLEAR,0,25.3
09:27:23,0.01,30.00,1.000,0.000,-1.000,,,CLEAR,0,25.3
09:27:23,0.01,30.00,1.000,0.000,-1.000,,,CLEAR,0,26.3
09:27:24,0.01,30.00,1.000,0.000,-1.000,,,CLEAR,0,26.3
09:27:24,0.01,30.00,1.000,0.000,-1.000,,,CLEAR,0,26.3
09:27:24,0.01,30.00,1.000,0.000,-1.000,,,CLEAR,0,26.3
09:27:24,0.00,30.00,1.000,0.000,-1.000,,,CLEAR,0,26.3
09:27:24,0.00,30.00,1.000,0.000,-1.000,,,CLEAR,0,26.5
09:27:25,0.01,30.00,1.000,0.000,-1.000,,,CLEAR,0,26.5
09:27:25,0.01,30.00,1.000,0.000,-1.000,,,CLEAR,0,26.5
09:27:25,0.00,30.00,1.000,0.000,-1.000,,,CLEAR,0,26.5
09:27:25,0.01,30.00,1.000,0.000,-1.000,,,CLEAR,0,26.5
09:27:25,0.01,30.00,1.000,0.000,-1.000,,,CLEAR,0,26.5
09:27:25,0.01,30.00,1.000,0.000,-1.000,,,CLEAR,0,26.3
09:27:26,0.01,30.00,1.000,0.000,-1.000,,,CLEAR,0,26.3
09:27:26,0.01,30.00,1.000,0.000,-1.000,,,CLEAR,0,26.3
09:27:26,0.05,30.00,1.000,0.000,-1.000,,,CLEAR,0,26.3
09:27:26,0.01,30.00,1.000,0.000,-1.000,,,CLEAR,0,26.3
09:27:26,0.01,30.00,1.000,0.000,-1.000,,,CLEAR,0,26.2
09:27:27,0.02,30.00,1.000,0.000,-1.000,,,CLEAR,0,26.2
09:27:27,0.01,30.00,1.000,0.000,-1.000,,,CLEAR,0,26.2
09:27:27,0.04,30.00,1.000,0.000,-1.000,,,CLEAR,0,26.2
09:27:27,0.02,30.00,1.000,0.000,-1.000,,,CLEAR,0,26.2
09:27:27,0.01,30.00,1.000,0.000,-1.000,,,CLEAR,0,26.2
09:27:28,0.03,30.00,1.000,0.000,-1.000,,,CLEAR,0,26.5
09:27:28,0.02,30.00,1.000,0.000,-1.000,,,CLEAR,0,26.5
09:27:28,0.01,30.00,1.000,0.000,-1.000,,,CLEAR,0,26.5
09:27:28,0.01,30.00,1.000,0.000,-1.000,,,CLEAR,0,26.5
09:27:28,0.01,30.00,1.000,0.000,-1.000,,,CLEAR,0,26.5
09:27:29,0.02,30.00,1.000,0.000,-1.000,,,CLEAR,0,25.9
09:27:29,0.01,30.00,1.000,0.000,-1.000,,,CLEAR,0,25.9
09:27:29,0.01,30.00,1.000,0.000,-1.000,,,CLEAR,0,25.9
09:27:29,0.00,30.00,1.000,0.000,-1.000,,,CLEAR,0,25.9
09:27:29,0.01,30.00,1.000,0.000,-1.000,,,CLEAR,0,25.9
09:27:30,0.01,30.00,1.000,0.000,-1.000,,,CLEAR,0,25.1
09:27:30,0.00,30.00,1.000,0.000,-1.000,,,CLEAR,0,25.1
09:27:30,0.00,30.00,1.000,0.000,-1.000,,,CLEAR,0,25.1
09:27:30,0.00,30.00,1.000,0.000,-1.000,,,CLEAR,0,25.1
09:27:30,0.01,30.00,1.000,0.000,-1.000,,,CLEAR,0,25.1
09:27:30,0.01,30.00,1.000,0.000,-1.000,,,CLEAR,0,25.1
09:27:31,0.00,30.00,1.000,0.000,-1.000,,,CLEAR,0,27.2
09:27:31,0.01,30.00,1.000,0.000,-1.000,,,CLEAR,0,27.2
09:27:31,0.01,30.00,1.000,0.000,-1.000,,,CLEAR,0,27.2
09:27:31,0.01,30.00,1.000,0.000,-1.000,,,CLEAR,0,27.2
09:27:31,0.00,30.00,1.000,0.000,-1.000,,,CLEAR,0,27.2
09:27:32,0.01,30.00,1.000,0.000,-1.000,,,CLEAR,0,27.0
09:27:32,0.01,30.00,1.000,0.000,-1.000,,,CLEAR,0,27.0
09:27:32,0.00,30.00,1.000,0.000,-1.000,,,CLEAR,0,27.0
09:27:32,0.02,30.00,1.000,0.000,-1.000,,,CLEAR,0,27.0
09:27:32,0.02,30.00,1.000,0.000,-1.000,,,CLEAR,0,27.0
09:27:33,0.01,30.00,1.000,0.000,-1.000,,,CLEAR,0,27.0
09:27:33,0.08,30.00,1.000,0.000,-1.000,,,CLEAR,0,26.4
09:27:33,0.01,30.00,1.000,0.000,-1.000,,,CLEAR,0,26.4
09:27:33,0.01,30.00,1.000,0.000,-1.000,,,CLEAR,0,26.4
09:27:33,0.00,30.00,1.000,0.000,-1.000,,,CLEAR,0,26.4
09:27:33,0.01,30.00,1.000,0.000,-1.000,,,CLEAR,0,26.4
09:27:34,0.01,30.00,1.000,0.000,-1.000,,,CLEAR,0,26.5
09:27:34,0.01,30.00,1.000,0.000,-1.000,,,CLEAR,0,26.5
09:27:34,0.00,30.00,1.000,0.000,-1.000,,,CLEAR,0,26.5
09:27:34,0.05,30.00,1.000,0.000,-1.000,,,CLEAR,0,26.5
09:27:34,0.00,30.00,1.000,0.000,-1.000,,,CLEAR,0,26.5
09:27:35,0.01,30.00,1.000,0.000,-1.000,,,CLEAR,0,26.5
09:27:35,0.07,30.00,1.000,0.000,-1.000,,,CLEAR,0,27.3
09:27:35,0.00,30.00,1.000,0.000,-1.000,,,CLEAR,0,27.3
09:27:35,0.01,30.00,1.000,0.000,-1.000,,,CLEAR,0,27.3
09:27:35,0.01,30.00,1.000,0.000,-1.000,,,CLEAR,0,27.3
09:27:35,0.03,30.00,1.000,0.000,-1.000,,,CLEAR,0,27.3
09:27:36,0.00,30.00,1.000,0.000,-1.000,,,CLEAR,0,26.8
09:27:36,0.01,30.00,1.000,0.000,-1.000,,,CLEAR,0,26.8
09:27:36,0.01,30.00,1.000,0.000,-1.000,,,CLEAR,0,26.8
09:27:36,0.02,30.00,1.000,0.000,-1.000,,,CLEAR,0,26.8
09:27:36,0.00,30.00,1.000,0.000,-1.000,,,CLEAR,0,26.8
09:27:37,0.02,30.00,1.000,0.000,-1.000,,,CLEAR,0,26.8
09:27:37,0.04,30.00,1.000,0.000,-1.000,,,CLEAR,0,27.2
09:27:37,0.02,30.00,1.000,0.000,-1.000,,,CLEAR,0,27.2
09:27:37,0.01,30.00,1.000,0.000,-1.000,,,CLEAR,0,27.2
09:27:37,0.02,30.00,1.000,0.000,-1.000,,,CLEAR,0,27.2
09:27:38,0.00,30.00,1.000,0.000,-1.000,,,CLEAR,0,27.2
09:27:38,0.00,30.00,1.000,0.000,-1.000,,,CLEAR,0,27.0
09:27:38,0.01,30.00,1.000,0.000,-1.000,,,CLEAR,0,27.0
09:27:38,0.00,30.00,1.000,0.000,-1.000,,,CLEAR,0,27.0
09:27:38,0.01,30.00,1.000,0.000,-1.000,,,CLEAR,0,27.0
09:27:38,0.02,30.00,1.000,0.000,-1.000,,,CLEAR,0,27.0
09:27:39,0.01,30.00,1.000,0.000,-1.000,,,CLEAR,0,27.0
09:27:39,0.00,30.00,1.000,0.000,-1.000,,,CLEAR,0,26.8
09:27:39,0.02,30.00,1.000,0.000,-1.000,,,CLEAR,0,26.8
09:27:39,0.02,30.00,1.000,0.000,-1.000,,,CLEAR,0,26.8
09:27:39,0.02,30.00,1.000,0.000,-1.000,,,CLEAR,0,26.8
09:27:40,0.00,30.00,1.000,0.000,-1.000,,,CLEAR,0,26.8
09:27:40,0.01,30.00,1.000,0.000,-1.000,,,CLEAR,0,27.1
09:27:40,0.02,30.00,1.000,0.000,-1.000,,,CLEAR,0,27.1
09:27:40,0.01,30.00,1.000,0.000,-1.000,,,CLEAR,0,27.1
09:27:40,0.01,30.00,1.000,0.000,-1.000,,,CLEAR,0,27.1
09:27:40,0.01,30.00,1.000,0.000,-1.000,,,CLEAR,0,27.1
09:27:41,0.01,30.00,1.000,0.000,-1.000,,,CLEAR,0,27.1
09:27:41,0.00,30.00,1.000,0.000,-1.000,,,CLEAR,0,26.6
09:27:41,0.02,30.00,1.000,0.000,-1.000,,,CLEAR,0,26.6
09:27:41,0.01,30.00,1.000,0.000,-1.000,,,CLEAR,0,26.6
09:27:41,0.01,30.00,1.000,0.000,-1.000,,,CLEAR,0,26.6
09:27:42,0.01,30.00,1.000,0.000,-1.000,,,CLEAR,0,26.6
09:27:42,0.03,30.00,1.000,0.000,-1.000,,,CLEAR,0,26.3
09:27:42,0.01,30.00,1.000,0.000,-1.000,,,CLEAR,0,26.3
09:27:42,0.04,30.00,1.000,0.000,-1.000,,,CLEAR,0,26.3
09:27:42,0.00,30.00,1.000,0.000,-1.000,,,CLEAR,0,26.3
09:27:43,0.01,30.00,1.000,0.000,-1.000,,,CLEAR,0,26.3
09:27:43,0.01,30.00,1.000,0.000,-1.000,,,CLEAR,0,26.5
09:27:43,0.00,30.00,1.000,0.000,-1.000,,,CLEAR,0,26.5
09:27:43,0.01,30.00,1.000,0.000,-1.000,,,CLEAR,0,26.5
09:27:43,0.01,30.00,1.000,0.000,-1.000,,,CLEAR,0,26.5
09:27:44,0.01,30.00,1.000,0.000,-1.000,,,CLEAR,0,26.5
09:27:44,0.02,30.00,1.000,0.000,-1.000,,,CLEAR,0,26.5
09:27:44,0.02,30.00,1.000,0.000,-1.000,,,CLEAR,0,26.8
09:27:44,0.00,30.00,1.000,0.000,-1.000,,,CLEAR,0,26.8
09:27:44,0.00,30.00,1.000,0.000,-1.000,,,CLEAR,0,26.8
09:27:44,0.02,30.00,1.000,0.000,-1.000,,,CLEAR,0,26.8
09:27:45,0.00,30.00,1.000,0.000,-1.000,,,CLEAR,0,26.8
09:27:45,0.04,30.00,1.000,0.000,-1.000,,,CLEAR,0,26.3
09:27:45,0.01,30.00,1.000,0.000,-1.000,,,CLEAR,0,26.3
09:27:45,0.01,30.00,1.000,0.000,-1.000,,,CLEAR,0,26.3
09:27:45,0.00,30.00,1.000,0.000,-1.000,,,CLEAR,0,26.3
09:27:46,0.03,30.00,1.000,0.000,-1.000,,,CLEAR,0,26.3
09:27:46,0.04,30.00,1.000,0.000,-1.000,,,CLEAR,0,26.3
09:27:46,0.00,30.00,1.000,0.000,-1.000,,,CLEAR,0,26.0
09:27:46,0.02,30.00,1.000,0.000,-1.000,,,CLEAR,0,26.0
09:27:46,0.01,30.00,1.000,0.000,-1.000,,,CLEAR,0,26.0
09:27:47,0.00,30.00,1.000,0.000,-1.000,,,CLEAR,0,26.0
09:27:47,0.01,30.00,1.000,0.000,-1.000,,,CLEAR,0,26.0
09:27:47,0.04,30.00,1.000,0.000,-1.000,,,CLEAR,0,26.6
09:27:47,0.01,30.00,1.000,0.000,-1.000,,,CLEAR,0,26.6
09:27:47,0.01,30.00,1.000,0.000,-1.000,,,CLEAR,0,26.6
09:27:48,0.01,30.00,1.000,0.000,-1.000,,,CLEAR,0,26.6
09:27:48,0.01,30.00,1.000,0.000,-1.000,,,CLEAR,0,26.6
09:27:48,0.01,30.00,1.000,0.000,-1.000,,,CLEAR,0,26.3
09:27:48,0.01,30.00,1.000,0.000,-1.000,,,CLEAR,0,26.3
09:27:48,0.03,30.00,1.000,0.000,-1.000,,,CLEAR,0,26.3
09:27:48,0.01,30.00,1.000,0.000,-1.000,,,CLEAR,0,26.3
09:27:49,0.01,30.00,1.000,0.000,-1.000,,,CLEAR,0,26.3
09:27:49,0.00,30.00,1.000,0.000,-1.000,,,CLEAR,0,26.3
09:27:49,0.01,30.00,1.000,0.000,-1.000,,,CLEAR,0,26.9
09:27:49,0.01,30.00,1.000,0.000,-1.000,,,CLEAR,0,26.9
09:27:49,0.01,30.00,1.000,0.000,-1.000,,,CLEAR,0,26.9
09:27:50,0.00,30.00,1.000,0.000,-1.000,,,CLEAR,0,26.9
09:27:50,0.01,30.00,1.000,0.000,-1.000,,,CLEAR,0,26.9
09:27:50,0.01,30.00,1.000,0.000,-1.000,,,CLEAR,0,26.3
09:27:50,0.00,30.00,1.000,0.000,-1.000,,,CLEAR,0,26.3
09:27:50,0.00,30.00,1.000,0.000,-1.000,,,CLEAR,0,26.3
09:27:50,0.01,30.00,1.000,0.000,-1.000,,,CLEAR,0,26.3
09:27:51,0.02,30.00,1.000,0.000,-1.000,,,CLEAR,0,26.3
09:27:51,0.01,30.00,1.000,0.000,-1.000,,,CLEAR,0,26.3
09:27:51,0.01,30.00,1.000,0.000,-1.000,,,CLEAR,0,27.2
09:27:51,0.02,30.00,1.000,0.000,-1.000,,,CLEAR,0,27.2
09:27:51,0.01,30.00,1.000,0.000,-1.000,,,CLEAR,0,27.2
09:27:52,0.00,30.00,1.000,0.000,-1.000,,,CLEAR,0,27.2
09:27:52,0.01,30.00,1.000,0.000,-1.000,,,CLEAR,0,27.2
09:27:52,0.01,30.00,1.000,0.000,-1.000,,,CLEAR,0,25.7
09:27:52,0.01,30.00,1.000,0.000,-1.000,,,CLEAR,0,25.7
09:27:52,0.00,30.00,1.000,0.000,-1.000,,,CLEAR,0,25.7
09:27:53,0.02,30.00,1.000,0.000,-1.000,,,CLEAR,0,25.7
09:27:53,0.01,30.00,1.000,0.000,-1.000,,,CLEAR,0,25.7
09:27:53,0.01,30.00,1.000,0.000,-1.000,,,CLEAR,0,26.5
09:27:53,0.01,30.00,1.000,0.000,-1.000,,,CLEAR,0,26.5
09:27:53,0.02,30.00,1.000,0.000,-1.000,,,CLEAR,0,26.5
09:27:54,0.00,30.00,1.000,0.000,-1.000,,,CLEAR,0,26.5
09:27:54,0.01,30.00,1.000,0.000,-1.000,,,CLEAR,0,26.5
09:27:54,0.03,30.00,1.000,0.000,-1.000,,,CLEAR,0,26.5
09:27:54,0.01,30.00,1.000,0.000,-1.000,,,CLEAR,0,25.6
09:27:54,0.03,30.00,1.000,0.000,-1.000,,,CLEAR,0,25.6
09:27:55,0.01,30.00,1.000,0.000,-1.000,,,CLEAR,0,25.6
09:27:55,0.01,30.00,1.000,0.000,-1.000,,,CLEAR,0,25.6
09:27:55,0.01,30.00,1.000,0.000,-1.000,,,CLEAR,0,25.6
09:27:55,0.01,30.00,1.000,0.000,-1.000,,,CLEAR,0,25.7
09:27:55,0.01,30.00,1.000,0.000,-1.000,,,CLEAR,0,25.7
09:27:55,0.01,30.00,1.000,0.000,-1.000,,,CLEAR,0,25.7
09:27:56,0.02,30.00,1.000,0.000,-1.000,,,CLEAR,0,25.7
09:27:56,0.01,30.00,1.000,0.000,-1.000,,,CLEAR,0,25.7
09:27:56,0.02,30.00,1.000,0.000,-1.000,,,CLEAR,0,27.4
09:27:56,0.02,30.00,1.000,0.000,-1.000,,,CLEAR,0,27.4
09:27:56,0.01,30.00,1.000,0.000,-1.000,,,CLEAR,0,27.4
09:27:57,0.02,30.00,1.000,0.000,-1.000,,,CLEAR,0,27.4
09:27:57,0.01,30.00,1.000,0.000,-1.000,,,CLEAR,0,27.4
09:27:57,0.00,30.00,1.000,0.000,-1.000,,,CLEAR,0,27.4
09:27:57,0.02,30.00,1.000,0.000,-1.000,,,CLEAR,0,25.7
09:27:57,0.02,30.00,1.000,0.000,-1.000,,,CLEAR,0,25.7
09:27:58,0.01,30.00,1.000,0.000,-1.000,,,CLEAR,0,25.7
09:27:58,0.01,30.00,1.000,0.000,-1.000,,,CLEAR,0,25.7
09:27:58,0.01,30.00,1.000,0.000,-1.000,,,CLEAR,0,25.7
09:27:58,0.00,30.00,1.000,0.000,-1.000,,,CLEAR,0,27.1
09:27:58,0.01,30.00,1.000,0.000,-1.000,,,CLEAR,0,27.1
09:27:59,0.00,30.00,1.000,0.000,-1.000,,,CLEAR,0,27.1
09:27:59,0.01,30.00,1.000,0.000,-1.000,,,CLEAR,0,27.1
09:27:59,0.01,30.00,1.000,0.000,-1.000,,,CLEAR,0,27.1
09:27:59,0.00,30.00,1.000,0.000,-1.000,,,CLEAR,0,25.6
09:27:59,0.00,30.00,1.000,0.000,-1.000,,,CLEAR,0,25.6
09:27:59,0.02,30.00,1.000,0.000,-1.000,,,CLEAR,0,25.6
09:28:00,0.01,30.00,1.000,0.000,-1.000,,,CLEAR,0,25.6
09:28:00,0.01,30.00,1.000,0.000,-1.000,,,CLEAR,0,25.6
09:28:00,0.01,30.00,1.000,0.000,-1.000,,,CLEAR,0,25.6
09:28:00,0.00,30.00,1.000,0.000,-1.000,,,CLEAR,0,26.4
09:28:00,0.01,30.00,1.000,0.000,-1.000,,,CLEAR,0,26.4
09:28:01,0.03,30.00,1.000,0.000,-1.000,,,CLEAR,0,26.4
09:28:01,0.06,30.00,1.000,0.000,-1.000,,,CLEAR,0,26.4
09:28:01,0.00,30.00,1.000,0.000,-1.000,,,CLEAR,0,26.4
09:28:01,0.01,30.00,1.000,0.000,-1.000,,,CLEAR,0,27.1
09:28:01,0.01,30.00,1.000,0.000,-1.000,,,CLEAR,0,27.1
09:28:02,0.00,30.00,1.000,0.000,-1.000,,,CLEAR,0,27.1
09:28:02,0.01,30.00,1.000,0.000,-1.000,,,CLEAR,0,27.1
09:28:02,0.00,30.00,1.000,0.000,-1.000,,,CLEAR,0,27.1
09:28:02,0.01,30.00,1.000,0.000,-1.000,,,CLEAR,0,24.5
09:28:02,0.00,30.00,1.000,0.000,-1.000,,,CLEAR,0,24.5
09:28:03,0.01,30.00,1.000,0.000,-1.000,,,CLEAR,0,24.5
09:28:03,0.01,30.00,1.000,0.000,-1.000,,,CLEAR,0,24.5
09:28:03,0.01,30.00,1.000,0.000,-1.000,,,CLEAR,0,24.5
09:28:03,0.03,30.00,1.000,0.000,-1.000,,,CLEAR,0,24.5
09:28:03,0.01,30.00,1.000,0.000,-1.000,,,CLEAR,0,26.1
09:28:04,0.00,30.00,1.000,0.000,-1.000,,,CLEAR,0,26.1
09:28:04,0.00,30.00,1.000,0.000,-1.000,,,CLEAR,0,26.1
09:28:04,0.03,30.00,1.000,0.000,-1.000,,,CLEAR,0,26.1
09:28:04,0.03,30.00,1.000,0.000,-1.000,,,CLEAR,0,26.1
09:28:04,0.04,30.00,1.000,0.000,-1.000,,,CLEAR,0,24.9
09:28:04,0.01,30.00,1.000,0.000,-1.000,,,CLEAR,0,24.9
09:28:05,0.07,30.00,1.000,0.000,-1.000,,,CLEAR,0,24.9
09:28:05,0.01,30.00,1.000,0.000,-1.000,,,CLEAR,0,24.9
09:28:05,0.01,30.00,1.000,0.000,-1.000,,,CLEAR,0,24.9
09:28:05,0.01,30.00,1.000,0.000,-1.000,,,CLEAR,0,26.2
09:28:05,0.01,30.00,1.000,0.000,-1.000,,,CLEAR,0,26.2
09:28:06,0.00,30.00,1.000,0.000,-1.000,,,CLEAR,0,26.2
09:28:06,0.03,30.00,1.000,0.000,-1.000,,,CLEAR,0,26.2
09:28:06,0.01,30.00,1.000,0.000,-1.000,,,CLEAR,0,26.2
09:28:06,0.00,30.00,1.000,0.000,-1.000,,,CLEAR,0,26.2
09:28:06,0.00,30.00,1.000,0.000,-1.000,,,CLEAR,0,26.4
09:28:07,0.00,30.00,1.000,0.000,-1.000,,,CLEAR,0,26.4
09:28:07,0.00,30.00,1.000,0.000,-1.000,,,CLEAR,0,26.4
09:28:07,0.01,30.00,1.000,0.000,-1.000,,,CLEAR,0,26.4
09:28:07,0.01,30.00,1.000,0.000,-1.000,,,CLEAR,0,26.4
09:28:07,0.00,30.00,1.000,0.000,-1.000,,,CLEAR,0,27.8
09:28:07,0.00,30.00,1.000,0.000,-1.000,,,CLEAR,0,27.8
09:28:08,0.02,30.00,1.000,0.000,-1.000,,,CLEAR,0,27.8
09:28:08,0.01,30.00,1.000,0.000,-1.000,,,CLEAR,0,27.8
09:28:08,0.01,30.00,1.000,0.000,-1.000,,,CLEAR,0,27.8
09:28:08,0.02,30.00,1.000,0.000,-1.000,,,CLEAR,0,27.8
09:28:08,0.05,30.00,1.000,0.000,-1.000,,,CLEAR,0,30.6
09:28:08,0.00,30.00,1.000,0.000,-1.000,,,CLEAR,0,30.6
09:28:09,0.01,30.00,1.000,0.000,-1.000,,,CLEAR,0,30.6
09:28:09,0.00,30.00,1.000,0.000,-1.000,,,CLEAR,0,30.6
09:28:09,0.02,30.00,1.000,0.000,-1.000,,,CLEAR,0,30.6
09:28:09,0.01,30.00,1.000,0.000,-1.000,,,CLEAR,0,30.6
09:28:09,0.01,30.00,1.000,0.000,-1.000,,,CLEAR,0,28.2
09:28:09,0.01,30.00,1.000,0.000,-1.000,,,CLEAR,0,28.2
09:28:10,0.01,30.00,1.000,0.000,-1.000,,,CLEAR,0,28.2
09:28:10,0.01,30.00,1.000,0.000,-1.000,,,CLEAR,0,28.2
09:28:10,0.00,30.00,1.000,0.000,-1.000,,,CLEAR,0,28.2
09:28:10,0.02,30.00,1.000,0.000,-1.000,,,CLEAR,0,28.2
09:28:10,0.02,30.00,1.000,0.000,-1.000,,,CLEAR,0,29.5
09:28:11,0.02,30.00,1.000,0.000,-1.000,,,CLEAR,0,29.5
09:28:11,0.03,30.00,1.000,0.000,-1.000,,,CLEAR,0,29.5
09:28:11,0.02,30.00,1.000,0.000,-1.000,,,CLEAR,0,29.5
09:28:11,0.01,30.00,1.000,0.000,-1.000,,,CLEAR,0,29.5
09:28:11,0.01,30.00,1.000,0.000,-1.000,,,CLEAR,0,25.8
09:28:12,0.01,30.00,1.000,0.000,-1.000,,,CLEAR,0,25.8
09:28:12,0.01,30.00,1.000,0.000,-1.000,,,CLEAR,0,25.8
09:28:12,0.02,30.00,1.000,0.000,-1.000,,,CLEAR,0,25.8
09:28:12,0.01,30.00,1.000,0.000,-1.000,,,CLEAR,0,25.8
09:28:12,0.02,30.00,1.000,0.000,-1.000,,,CLEAR,0,25.8
09:28:13,0.01,30.00,1.000,0.000,-1.000,,,CLEAR,0,25.4
09:28:13,0.00,30.00,1.000,0.000,-1.000,,,CLEAR,0,25.4
09:28:13,0.02,30.00,1.000,0.000,-1.000,,,CLEAR,0,25.4
09:28:13,0.01,30.00,1.000,0.000,-1.000,,,CLEAR,0,25.4
09:28:13,0.02,30.00,1.000,0.000,-1.000,,,CLEAR,0,25.4
09:28:13,0.01,30.00,1.000,0.000,-1.000,,,CLEAR,0,26.9
09:28:14,0.01,30.00,1.000,0.000,-1.000,,,CLEAR,0,26.9
09:28:14,0.01,30.00,1.000,0.000,-1.000,,,CLEAR,0,26.9
09:28:14,0.01,30.00,1.000,0.000,-1.000,,,CLEAR,0,26.9
09:28:14,0.02,30.00,1.000,0.000,-1.000,,,CLEAR,0,26.9
09:28:14,0.01,30.00,1.000,0.000,-1.000,,,CLEAR,0,26.9
09:28:15,0.01,30.00,1.000,0.000,-1.000,,,CLEAR,0,27.5
09:28:15,0.02,30.00,1.000,0.000,-1.000,,,CLEAR,0,27.5
09:28:15,0.02,30.00,1.000,0.000,-1.000,,,CLEAR,0,27.5
09:28:15,0.01,30.00,1.000,0.000,-1.000,,,CLEAR,0,27.5
09:28:15,0.01,30.00,1.000,0.000,-1.000,,,CLEAR,0,27.5
09:28:15,0.03,30.00,1.000,0.000,-1.000,,,CLEAR,0,28.0
09:28:16,0.01,30.00,1.000,0.000,-1.000,,,CLEAR,0,28.0
09:28:16,0.01,30.00,1.000,0.000,-1.000,,,CLEAR,0,28.0
09:28:16,0.01,30.00,1.000,0.000,-1.000,,,CLEAR,0,28.0
09:28:16,0.01,30.00,1.000,0.000,-1.000,,,CLEAR,0,28.0
09:28:16,0.02,30.00,1.000,0.000,-1.000,,,CLEAR,0,28.0
09:28:16,0.01,30.00,1.000,0.000,-1.000,,,CLEAR,0,27.3
09:28:17,0.01,30.00,1.000,0.000,-1.000,,,CLEAR,0,27.3
09:28:17,0.01,30.00,1.000,0.000,-1.000,,,CLEAR,0,27.3
09:28:17,0.00,30.00,1.000,0.000,-1.000,,,CLEAR,0,27.3
09:28:17,0.01,30.00,1.000,0.000,-1.000,,,CLEAR,0,27.3
09:28:17,0.00,30.00,1.000,0.000,-1.000,,,CLEAR,0,26.5
09:28:18,0.00,30.00,1.000,0.000,-1.000,,,CLEAR,0,26.5
09:28:18,0.00,30.00,1.000,0.000,-1.000,,,CLEAR,0,26.5
09:28:18,0.02,30.00,1.000,0.000,-1.000,,,CLEAR,0,26.5
09:28:18,0.02,30.00,1.000,0.000,-1.000,,,CLEAR,0,26.5
09:28:18,0.01,30.00,1.000,0.000,-1.000,,,CLEAR,0,26.5
09:28:19,0.01,30.00,1.000,0.000,-1.000,,,CLEAR,0,27.2
09:28:19,0.01,30.00,1.000,0.000,-1.000,,,CLEAR,0,27.2
09:28:19,0.01,30.00,1.000,0.000,-1.000,,,CLEAR,0,27.2
09:28:19,0.03,30.00,1.000,0.000,-1.000,,,CLEAR,0,27.2
09:28:19,0.00,30.00,1.000,0.000,-1.000,,,CLEAR,0,27.2
09:28:19,0.02,30.00,1.000,0.000,-1.000,,,CLEAR,0,27.2
09:28:20,0.02,30.00,1.000,0.000,-1.000,,,CLEAR,0,27.6
09:28:20,0.00,30.00,1.000,0.000,-1.000,,,CLEAR,0,27.6
09:28:20,0.01,30.00,1.000,0.000,-1.000,,,CLEAR,0,27.6
09:28:20,0.00,30.00,1.000,0.000,-1.000,,,CLEAR,0,27.6
09:28:20,0.01,30.00,1.000,0.000,-1.000,,,CLEAR,0,27.6
09:28:21,0.01,30.00,1.000,0.000,-1.000,,,CLEAR,0,26.9
09:28:21,0.00,30.00,1.000,0.000,-1.000,,,CLEAR,0,26.9
09:28:21,0.01,30.00,1.000,0.000,-1.000,,,CLEAR,0,26.9
09:28:21,0.01,30.00,1.000,0.000,-1.000,,,CLEAR,0,26.9
09:28:21,0.03,30.00,1.000,0.000,-1.000,,,CLEAR,0,26.9
09:28:21,0.01,30.00,1.000,0.000,-1.000,,,CLEAR,0,26.9
09:28:22,0.01,30.00,1.000,0.000,-1.000,,,CLEAR,0,27.4
09:28:22,0.00,30.00,1.000,0.000,-1.000,,,CLEAR,0,27.4
09:28:22,0.00,30.00,1.000,0.000,-1.000,,,CLEAR,0,27.4
09:28:22,0.01,30.00,1.000,0.000,-1.000,,,CLEAR,0,27.4
09:28:22,0.02,30.00,1.000,0.000,-1.000,,,CLEAR,0,27.4
09:28:23,0.00,30.00,1.000,0.000,-1.000,,,CLEAR,0,27.4
09:28:23,0.00,30.00,1.000,0.000,-1.000,,,CLEAR,0,27.4
09:28:23,0.01,30.00,1.000,0.000,-1.000,,,CLEAR,0,27.4
09:28:23,0.00,30.00,1.000,0.000,-1.000,,,CLEAR,0,27.4
09:28:23,0.04,30.00,1.000,0.000,-1.000,,,CLEAR,0,27.4
09:28:24,0.01,30.00,1.000,0.000,-1.000,,,CLEAR,0,27.4
09:28:24,0.01,30.00,1.000,0.000,-1.000,,,CLEAR,0,26.9
09:28:24,0.01,30.00,1.000,0.000,-1.000,,,CLEAR,0,26.9
09:28:24,0.01,30.00,1.000,0.000,-1.000,,,CLEAR,0,26.9
09:28:24,0.01,30.00,1.000,0.000,-1.000,,,CLEAR,0,26.9
09:28:24,0.01,30.00,1.000,0.000,-1.000,,,CLEAR,0,26.9
09:28:25,0.01,30.00,1.000,0.000,-1.000,,,CLEAR,0,27.2
09:28:25,0.01,30.00,1.000,0.000,-1.000,,,CLEAR,0,27.2
09:28:25,0.02,30.00,1.000,0.000,-1.000,,,CLEAR,0,27.2
09:28:25,0.01,30.00,1.000,0.000,-1.000,,,CLEAR,0,27.2
09:28:25,0.01,30.00,1.000,0.000,-1.000,,,CLEAR,0,27.2
09:28:25,0.02,30.00,1.000,0.000,-1.000,,,CLEAR,0,27.2
09:28:26,0.01,30.00,1.000,0.000,-1.000,,,CLEAR,0,27.9
09:28:26,0.00,30.00,1.000,0.000,-1.000,,,CLEAR,0,27.9
09:28:26,0.03,30.00,1.000,0.000,-1.000,,,CLEAR,0,27.9
09:28:26,0.01,30.00,1.000,0.000,-1.000,,,CLEAR,0,27.9
09:28:26,0.01,30.00,1.000,0.000,-1.000,,,CLEAR,0,27.9
09:28:27,0.02,30.00,1.000,0.000,-1.000,,,CLEAR,0,27.6
09:28:27,0.02,30.00,1.000,0.000,-1.000,,,CLEAR,0,27.6
09:28:27,0.01,30.00,1.000,0.000,-1.000,,,CLEAR,0,27.6
09:28:27,0.01,30.00,1.000,0.000,-1.000,,,CLEAR,0,27.6
09:28:27,0.02,30.00,1.000,0.000,-1.000,,,CLEAR,0,27.6
09:28:27,0.00,30.00,1.000,0.000,-1.000,,,CLEAR,0,27.6
09:28:28,0.01,30.00,1.000,0.000,-1.000,,,CLEAR,0,27.5
09:28:28,0.03,30.00,1.000,0.000,-1.000,,,CLEAR,0,27.5
09:28:28,0.01,30.00,1.000,0.000,-1.000,,,CLEAR,0,27.5
09:28:28,0.01,30.00,1.000,0.000,-1.000,,,CLEAR,0,27.5
09:28:28,0.01,30.00,1.000,0.000,-1.000,,,CLEAR,0,27.5
09:28:29,0.01,30.00,1.000,0.000,-1.000,,,CLEAR,0,27.5
09:28:29,0.00,30.00,1.000,0.000,-1.000,,,CLEAR,0,27.6
09:28:29,0.01,30.00,1.000,0.000,-1.000,,,CLEAR,0,27.6
09:28:29,0.01,30.00,1.000,0.000,-1.000,,,CLEAR,0,27.6
09:28:29,0.01,30.00,1.000,0.000,-1.000,,,CLEAR,0,27.6
09:28:29,0.01,30.00,1.000,0.000,-1.000,,,CLEAR,0,27.6
09:28:30,0.01,30.00,1.000,0.000,-1.000,,,CLEAR,0,27.2
09:28:30,0.02,30.00,1.000,0.000,-1.000,,,CLEAR,0,27.2
09:28:30,0.01,30.00,1.000,0.000,-1.000,,,CLEAR,0,27.2
09:28:30,0.01,30.00,1.000,0.000,-1.000,,,CLEAR,0,27.2
09:28:30,0.01,30.00,1.000,0.000,-1.000,,,CLEAR,0,27.2
09:28:31,0.02,30.00,1.000,0.000,-1.000,,,CLEAR,0,27.2
09:28:31,0.01,30.00,1.000,0.000,-1.000,,,CLEAR,0,27.1
09:28:31,0.01,30.00,1.000,0.000,-1.000,,,CLEAR,0,27.1
09:28:31,0.00,30.00,1.000,0.000,-1.000,,,CLEAR,0,27.1
09:28:31,0.02,30.00,1.000,0.000,-1.000,,,CLEAR,0,27.1
09:28:32,0.03,30.00,1.000,0.000,-1.000,,,CLEAR,0,27.1
09:28:32,0.01,30.00,1.000,0.000,-1.000,,,CLEAR,0,27.3
09:28:32,0.01,30.00,1.000,0.000,-1.000,,,CLEAR,0,27.3
09:28:32,0.01,30.00,1.000,0.000,-1.000,,,CLEAR,0,27.3
09:28:32,0.00,30.00,1.000,0.000,-1.000,,,CLEAR,0,27.3
09:28:32,0.01,30.00,1.000,0.000,-1.000,,,CLEAR,0,27.3
09:28:33,0.01,30.00,1.000,0.000,-1.000,,,CLEAR,0,27.3
09:28:33,0.00,30.00,1.000,0.000,-1.000,,,CLEAR,0,27.1
09:28:33,0.01,30.00,1.000,0.000,-1.000,,,CLEAR,0,27.1
09:28:33,0.01,30.00,1.000,0.000,-1.000,,,CLEAR,0,27.1
09:28:33,0.00,30.00,1.000,0.000,-1.000,,,CLEAR,0,27.1
09:28:34,0.01,30.00,1.000,0.000,-1.000,,,CLEAR,0,27.1
09:28:34,0.04,30.00,1.000,0.000,-1.000,,,CLEAR,0,27.1
09:28:34,0.01,30.00,1.000,0.000,-1.000,,,CLEAR,0,27.1
09:28:34,0.01,30.00,1.000,0.000,-1.000,,,CLEAR,0,27.1
09:28:34,0.01,30.00,1.000,0.000,-1.000,,,CLEAR,0,27.1
09:28:34,0.01,30.00,1.000,0.000,-1.000,,,CLEAR,0,27.1
09:28:35,0.01,30.00,1.000,0.000,-1.000,,,CLEAR,0,27.1
09:28:35,0.01,30.00,1.000,0.000,-1.000,,,CLEAR,0,27.1
09:28:35,0.00,30.00,1.000,0.000,-1.000,,,CLEAR,0,27.1
09:28:35,0.01,30.00,1.000,0.000,-1.000,,,CLEAR,0,27.1
09:28:35,0.01,30.00,1.000,0.000,-1.000,,,CLEAR,0,27.1
09:28:36,0.00,30.00,1.000,0.000,-1.000,,,CLEAR,0,27.1
09:28:36,0.01,30.00,1.000,0.000,-1.000,,,CLEAR,0,27.1
09:28:36,0.01,30.00,1.000,0.000,-1.000,,,CLEAR,0,27.4
09:28:36,0.00,30.00,1.000,0.000,-1.000,,,CLEAR,0,27.4
09:28:36,0.00,30.00,1.000,0.000,-1.000,,,CLEAR,0,27.4
09:28:36,0.01,30.00,1.000,0.000,-1.000,,,CLEAR,0,27.4
09:28:37,0.01,30.00,1.000,0.000,-1.000,,,CLEAR,0,27.4
09:28:37,0.02,30.00,1.000,0.000,-1.000,,,CLEAR,0,27.5
09:28:37,0.02,30.00,1.000,0.000,-1.000,,,CLEAR,0,27.5
09:28:37,0.01,30.00,1.000,0.000,-1.000,,,CLEAR,0,27.5
09:28:37,0.00,30.00,1.000,0.000,-1.000,,,CLEAR,0,27.5
09:28:38,0.00,30.00,1.000,0.000,-1.000,,,CLEAR,0,27.5
09:28:38,0.01,30.00,1.000,0.000,-1.000,,,CLEAR,0,27.5
09:28:38,0.01,30.00,1.000,0.000,-1.000,,,CLEAR,0,27.2
09:28:38,0.00,30.00,1.000,0.000,-1.000,,,CLEAR,0,27.2
09:28:38,0.02,30.00,1.000,0.000,-1.000,,,CLEAR,0,27.2
09:28:38,0.02,30.00,1.000,0.000,-1.000,,,CLEAR,0,27.2
09:28:39,0.02,30.00,1.000,0.000,-1.000,,,CLEAR,0,27.2
09:28:39,0.04,30.00,1.000,0.000,-1.000,,,CLEAR,0,27.2
09:28:39,0.00,30.00,1.000,0.000,-1.000,,,CLEAR,0,27.2
09:28:39,0.02,30.00,1.000,0.000,-1.000,,,CLEAR,0,27.2
09:28:39,0.01,30.00,1.000,0.000,-1.000,,,CLEAR,0,27.2
09:28:40,0.02,30.00,1.000,0.000,-1.000,,,CLEAR,0,27.2
09:28:40,0.01,30.00,1.000,0.000,-1.000,,,CLEAR,0,27.2
09:28:40,0.01,30.00,1.000,0.000,-1.000,,,CLEAR,0,27.4
09:28:40,0.01,30.00,1.000,0.000,-1.000,,,CLEAR,0,27.4
09:28:40,0.01,30.00,1.000,0.000,-1.000,,,CLEAR,0,27.4
09:28:40,0.01,30.00,1.000,0.000,-1.000,,,CLEAR,0,27.4
09:28:41,0.01,30.00,1.000,0.000,-1.000,,,CLEAR,0,27.4
09:28:41,0.01,30.00,1.000,0.000,-1.000,,,CLEAR,0,27.4
09:28:41,0.03,30.00,1.000,0.000,-1.000,,,CLEAR,0,27.8
09:28:41,0.01,30.00,1.000,0.000,-1.000,,,CLEAR,0,27.8
09:28:41,0.05,30.00,1.000,0.000,-1.000,,,CLEAR,0,27.8
09:28:42,0.01,30.00,1.000,0.000,-1.000,,,CLEAR,0,27.8
09:28:42,0.01,30.00,1.000,0.000,-1.000,,,CLEAR,0,27.8
09:28:42,0.01,30.00,1.000,0.000,-1.000,,,CLEAR,0,27.0
09:28:42,0.01,30.00,1.000,0.000,-1.000,,,CLEAR,0,27.0
09:28:42,0.01,30.00,1.000,0.000,-1.000,,,CLEAR,0,27.0
09:28:43,0.00,30.00,1.000,0.000,-1.000,,,CLEAR,0,27.0
09:28:43,0.02,30.00,1.000,0.000,-1.000,,,CLEAR,0,27.0
09:28:43,0.01,30.00,1.000,0.000,-1.000,,,CLEAR,0,27.0
09:28:43,0.02,30.00,1.000,0.000,-1.000,,,CLEAR,0,27.9
09:28:43,0.01,30.00,1.000,0.000,-1.000,,,CLEAR,0,27.9
09:28:43,0.01,30.00,1.000,0.000,-1.000,,,CLEAR,0,27.9
09:28:44,0.02,30.00,1.000,0.000,-1.000,,,CLEAR,0,27.9
09:28:44,0.00,30.00,1.000,0.000,-1.000,,,CLEAR,0,27.9
09:28:44,0.01,30.00,1.000,0.000,-1.000,,,CLEAR,0,27.5
09:28:44,0.02,30.00,1.000,0.000,-1.000,,,CLEAR,0,27.5
09:28:44,0.01,30.00,1.000,0.000,-1.000,,,CLEAR,0,27.5
09:28:44,0.04,30.00,1.000,0.000,-1.000,,,CLEAR,0,27.5
09:28:45,0.00,30.00,1.000,0.000,-1.000,,,CLEAR,0,27.5
09:28:45,0.02,30.00,1.000,0.000,-1.000,,,CLEAR,0,27.5
09:28:45,0.01,30.00,1.000,0.000,-1.000,,,CLEAR,0,27.5
09:28:45,0.02,30.00,1.000,0.000,-1.000,,,CLEAR,0,27.5
09:28:45,0.03,30.00,1.000,0.000,-1.000,,,CLEAR,0,27.5
09:28:46,0.01,30.00,1.000,0.000,-1.000,,,CLEAR,0,27.5
09:28:46,0.01,30.00,1.000,0.000,-1.000,,,CLEAR,0,27.5
09:28:46,0.03,30.00,1.000,0.000,-1.000,,,CLEAR,0,26.5
09:28:46,0.02,30.00,1.000,0.000,-1.000,,,CLEAR,0,26.5
09:28:46,0.01,30.00,1.000,0.000,-1.000,,,CLEAR,0,26.5
09:28:47,0.02,30.00,1.000,0.000,-1.000,,,CLEAR,0,26.5
09:28:47,0.01,30.00,1.000,0.000,-1.000,,,CLEAR,0,26.5
09:28:47,0.01,30.00,1.000,0.000,-1.000,,,CLEAR,0,26.5
09:28:47,0.01,30.00,1.000,0.000,-1.000,,,CLEAR,0,27.3
09:28:47,0.01,30.00,1.000,0.000,-1.000,,,CLEAR,0,27.3
09:28:47,0.02,30.00,1.000,0.000,-1.000,,,CLEAR,0,27.3
09:28:48,0.03,30.00,1.000,0.000,-1.000,,,CLEAR,0,27.3
09:28:48,0.02,30.00,1.000,0.000,-1.000,,,CLEAR,0,27.3
09:28:48,0.01,30.00,1.000,0.000,-1.000,,,CLEAR,0,27.3
09:28:48,0.02,30.00,1.000,0.000,-1.000,,,CLEAR,0,28.0
09:28:48,0.01,30.00,1.000,0.000,-1.000,,,CLEAR,0,28.0
09:28:49,0.02,30.00,1.000,0.000,-1.000,,,CLEAR,0,28.0
09:28:49,0.01,30.00,1.000,0.000,-1.000,,,CLEAR,0,28.0
09:28:49,0.01,30.00,1.000,0.000,-1.000,,,CLEAR,0,28.0
09:28:49,0.01,30.00,1.000,0.000,-1.000,,,CLEAR,0,28.0
09:28:49,0.01,30.00,1.000,0.000,-1.000,,,CLEAR,0,28.4
09:28:49,0.02,30.00,1.000,0.000,-1.000,,,CLEAR,0,28.4
09:28:50,0.00,30.00,1.000,0.000,-1.000,,,CLEAR,0,28.4
09:28:50,0.02,30.00,1.000,0.000,-1.000,,,CLEAR,0,28.4
09:28:50,0.01,30.00,1.000,0.000,-1.000,,,CLEAR,0,28.4
09:28:50,0.01,30.00,1.000,0.000,-1.000,,,CLEAR,0,27.6
09:28:50,0.02,30.00,1.000,0.000,-1.000,,,CLEAR,0,27.6
09:28:51,0.01,30.00,1.000,0.000,-1.000,,,CLEAR,0,27.6
09:28:51,0.01,30.00,1.000,0.000,-1.000,,,CLEAR,0,27.6
09:28:51,0.01,30.00,1.000,0.000,-1.000,,,CLEAR,0,27.6
09:28:51,0.01,30.00,1.000,0.000,-1.000,,,CLEAR,0,27.6
09:28:51,0.01,30.00,1.000,0.000,-1.000,,,CLEAR,0,27.3
09:28:51,0.02,30.00,1.000,0.000,-1.000,,,CLEAR,0,27.3
09:28:52,0.01,30.00,1.000,0.000,-1.000,,,CLEAR,0,27.3
09:28:52,0.01,30.00,1.000,0.000,-1.000,,,CLEAR,0,27.3
09:28:52,0.03,30.00,1.000,0.000,-1.000,,,CLEAR,0,27.3
09:28:52,0.01,30.00,1.000,0.000,-1.000,,,CLEAR,0,27.5
09:28:52,0.00,30.00,1.000,0.000,-1.000,,,CLEAR,0,27.5
09:28:52,0.01,30.00,1.000,0.000,-1.000,,,CLEAR,0,27.5
09:28:53,0.01,30.00,1.000,0.000,-1.000,,,CLEAR,0,27.5
09:28:53,0.00,30.00,1.000,0.000,-1.000,,,CLEAR,0,27.5
09:28:53,0.00,30.00,1.000,0.000,-1.000,,,CLEAR,0,27.5
09:28:53,0.01,30.00,1.000,0.000,-1.000,,,CLEAR,0,27.8
09:28:53,0.01,30.00,1.000,0.000,-1.000,,,CLEAR,0,27.8
09:28:54,0.01,30.00,1.000,0.000,-1.000,,,CLEAR,0,27.8
09:28:54,0.01,30.00,1.000,0.000,-1.000,,,CLEAR,0,27.8
09:28:54,0.02,30.00,1.000,0.000,-1.000,,,CLEAR,0,27.8
09:28:54,0.01,30.00,1.000,0.000,-1.000,,,CLEAR,0,27.8
09:28:54,0.01,30.00,1.000,0.000,-1.000,,,CLEAR,0,27.8
09:28:54,0.02,30.00,1.000,0.000,-1.000,,,CLEAR,0,27.8
09:28:55,0.03,30.00,1.000,0.000,-1.000,,,CLEAR,0,27.8
09:28:55,0.01,30.00,1.000,0.000,-1.000,,,CLEAR,0,27.8
09:28:55,0.01,30.00,1.000,0.000,-1.000,,,CLEAR,0,27.8
09:28:55,0.02,30.00,1.000,0.000,-1.000,,,CLEAR,0,27.2
09:28:55,0.01,30.00,1.000,0.000,-1.000,,,CLEAR,0,27.2
09:28:56,0.01,30.00,1.000,0.000,-1.000,,,CLEAR,0,27.2
09:28:56,0.03,30.00,1.000,0.000,-1.000,,,CLEAR,0,27.2
09:28:56,0.03,30.00,1.000,0.000,-1.000,,,CLEAR,0,27.2
09:28:56,0.02,30.00,1.000,0.000,-1.000,,,CLEAR,0,27.2
09:28:56,0.01,30.00,1.000,0.000,-1.000,,,CLEAR,0,27.3
09:28:57,0.00,30.00,1.000,0.000,-1.000,,,CLEAR,0,27.3
09:28:57,0.02,30.00,1.000,0.000,-1.000,,,CLEAR,0,27.3
09:28:57,0.03,30.00,1.000,0.000,-1.000,,,CLEAR,0,27.3
09:28:57,0.02,30.00,1.000,0.000,-1.000,,,CLEAR,0,27.3
09:28:57,0.01,30.00,1.000,0.000,-1.000,,,CLEAR,0,25.6
09:28:57,0.03,30.00,1.000,0.000,-1.000,,,CLEAR,0,25.6
09:28:58,0.00,30.00,1.000,0.000,-1.000,,,CLEAR,0,25.6
09:28:58,0.01,30.00,1.000,0.000,-1.000,,,CLEAR,0,25.6
09:28:58,0.05,30.00,1.000,0.000,-1.000,,,CLEAR,0,25.6
09:28:58,0.01,30.00,1.000,0.000,-1.000,,,CLEAR,0,26.0
09:28:58,0.05,30.00,1.000,0.000,-1.000,,,CLEAR,0,26.0
09:28:59,0.02,30.00,1.000,0.000,-1.000,,,CLEAR,0,26.0
09:28:59,0.01,30.00,1.000,0.000,-1.000,,,CLEAR,0,26.0
09:28:59,0.01,30.00,1.000,0.000,-1.000,,,CLEAR,0,26.0
09:28:59,0.02,30.00,1.000,0.000,-1.000,,,CLEAR,0,26.0
09:28:59,0.02,30.00,1.000,0.000,-1.000,,,CLEAR,0,26.6
09:29:00,0.03,30.00,1.000,0.000,-1.000,,,CLEAR,0,26.6
09:29:00,0.01,30.00,1.000,0.000,-1.000,,,CLEAR,0,26.6
09:29:00,0.01,30.00,1.000,0.000,-1.000,,,CLEAR,0,26.6
09:29:00,0.01,30.00,1.000,0.000,-1.000,,,CLEAR,0,26.6
09:29:00,0.04,30.00,1.000,0.000,-1.000,,,CLEAR,0,27.4
09:29:00,0.01,30.00,1.000,0.000,-1.000,,,CLEAR,0,27.4
09:29:01,0.01,30.00,1.000,0.000,-1.000,,,CLEAR,0,27.4
09:29:01,0.01,30.00,1.000,0.000,-1.000,,,CLEAR,0,27.4
09:29:01,0.02,30.00,1.000,0.000,-1.000,,,CLEAR,0,27.4
09:29:01,0.01,30.00,1.000,0.000,-1.000,,,CLEAR,0,27.4
09:29:01,0.00,30.00,1.000,0.000,-1.000,,,CLEAR,0,28.2
09:29:02,0.01,30.00,1.000,0.000,-1.000,,,CLEAR,0,28.2
09:29:02,0.00,30.00,1.000,0.000,-1.000,,,CLEAR,0,28.2
09:29:02,0.03,30.00,1.000,0.000,-1.000,,,CLEAR,0,28.2
09:29:02,0.01,30.00,1.000,0.000,-1.000,,,CLEAR,0,28.2
09:29:02,0.01,30.00,1.000,0.000,-1.000,,,CLEAR,0,28.2
09:29:02,0.02,30.00,1.000,0.000,-1.000,,,CLEAR,0,27.7
09:29:03,0.05,30.00,1.000,0.000,-1.000,,,CLEAR,0,27.7
09:29:03,0.01,30.00,1.000,0.000,-1.000,,,CLEAR,0,27.7
09:29:03,0.04,30.00,1.000,0.000,-1.000,,,CLEAR,0,27.7
09:29:03,0.01,30.00,1.000,0.000,-1.000,,,CLEAR,0,27.7
09:29:03,0.01,30.00,1.000,0.000,-1.000,,,CLEAR,0,27.6
09:29:04,0.04,30.00,1.000,0.000,-1.000,,,CLEAR,0,27.6
09:29:04,0.01,30.00,1.000,0.000,-1.000,,,CLEAR,0,27.6
09:29:04,0.01,30.00,1.000,0.000,-1.000,,,CLEAR,0,27.6
09:29:04,0.01,30.00,1.000,0.000,-1.000,,,CLEAR,0,27.6
09:29:04,0.02,30.00,1.000,0.000,-1.000,,,CLEAR,0,27.6
09:29:04,0.01,30.00,1.000,0.000,-1.000,,,CLEAR,0,28.1
09:29:05,0.01,30.00,1.000,0.000,-1.000,,,CLEAR,0,28.1
09:29:05,0.01,30.00,1.000,0.000,-1.000,,,CLEAR,0,28.1
09:29:05,0.02,30.00,1.000,0.000,-1.000,,,CLEAR,0,28.1
09:29:05,0.00,30.00,1.000,0.000,-1.000,,,CLEAR,0,28.1
09:29:05,0.02,30.00,1.000,0.000,-1.000,,,CLEAR,0,28.1
09:29:06,0.01,30.00,1.000,0.000,-1.000,,,CLEAR,0,27.3
09:29:06,0.03,30.00,1.000,0.000,-1.000,,,CLEAR,0,27.3
09:29:06,0.01,30.00,1.000,0.000,-1.000,,,CLEAR,0,27.3
09:29:06,0.00,30.00,1.000,0.000,-1.000,,,CLEAR,0,27.3
09:29:06,0.01,30.00,1.000,0.000,-1.000,,,CLEAR,0,27.3
09:29:06,0.02,30.00,1.000,0.000,-1.000,,,CLEAR,0,27.8
09:29:07,0.00,30.00,1.000,0.000,-1.000,,,CLEAR,0,27.8
09:29:07,0.03,30.00,1.000,0.000,-1.000,,,CLEAR,0,27.8
09:29:07,0.01,30.00,1.000,0.000,-1.000,,,CLEAR,0,27.8
09:29:07,0.02,30.00,1.000,0.000,-1.000,,,CLEAR,0,27.8
09:29:07,0.01,30.00,1.000,0.000,-1.000,,,CLEAR,0,27.8
09:29:08,0.01,30.00,1.000,0.000,-1.000,,,CLEAR,0,27.0
09:29:08,0.00,30.00,1.000,0.000,-1.000,,,CLEAR,0,27.0
09:29:08,0.03,30.00,1.000,0.000,-1.000,,,CLEAR,0,27.0
09:29:08,0.00,30.00,1.000,0.000,-1.000,,,CLEAR,0,27.0
09:29:08,0.01,30.00,1.000,0.000,-1.000,,,CLEAR,0,27.0
09:29:08,0.00,30.00,1.000,0.000,-1.000,,,CLEAR,0,26.6
09:29:09,0.01,30.00,1.000,0.000,-1.000,,,CLEAR,0,26.6
09:29:09,0.01,30.00,1.000,0.000,-1.000,,,CLEAR,0,26.6
09:29:09,0.02,30.00,1.000,0.000,-1.000,,,CLEAR,0,26.6
09:29:09,0.00,30.00,1.000,0.000,-1.000,,,CLEAR,0,26.6
09:29:09,0.01,30.00,1.000,0.000,-1.000,,,CLEAR,0,26.6
09:29:10,0.00,30.00,1.000,0.000,-1.000,,,CLEAR,0,27.3
09:29:10,0.02,30.00,1.000,0.000,-1.000,,,CLEAR,0,27.3
09:29:10,0.01,30.00,1.000,0.000,-1.000,,,CLEAR,0,27.3
09:29:10,0.01,30.00,1.000,0.000,-1.000,,,CLEAR,0,27.3
09:29:10,0.02,30.00,1.000,0.000,-1.000,,,CLEAR,0,27.3
09:29:10,0.01,30.00,1.000,0.000,-1.000,,,CLEAR,0,27.3
09:29:11,0.01,30.00,1.000,0.000,-1.000,,,CLEAR,0,27.2
09:29:11,0.01,30.00,1.000,0.000,-1.000,,,CLEAR,0,27.2
09:29:11,0.03,30.00,1.000,0.000,-1.000,,,CLEAR,0,27.2
09:29:11,0.01,30.00,1.000,0.000,-1.000,,,CLEAR,0,27.2
09:29:11,0.01,30.00,1.000,0.000,-1.000,,,CLEAR,0,27.2
09:29:12,0.01,30.00,1.000,0.000,-1.000,,,CLEAR,0,27.6
09:29:12,0.08,30.00,1.000,0.000,-1.000,,,CLEAR,0,27.6
09:29:12,0.01,30.00,1.000,0.000,-1.000,,,CLEAR,0,27.6
09:29:12,0.02,30.00,1.000,0.000,-1.000,,,CLEAR,0,27.6
09:29:12,0.01,30.00,1.000,0.000,-1.000,,,CLEAR,0,27.6
09:29:12,0.01,30.00,1.000,0.000,-1.000,,,CLEAR,0,27.6
09:29:13,0.01,30.00,1.000,0.000,-1.000,,,CLEAR,0,27.1
09:29:13,0.00,30.00,1.000,0.000,-1.000,,,CLEAR,0,27.1
09:29:13,0.00,30.00,1.000,0.000,-1.000,,,CLEAR,0,27.1
09:29:13,0.04,30.00,1.000,0.000,-1.000,,,CLEAR,0,27.1
09:29:13,0.01,30.00,1.000,0.000,-1.000,,,CLEAR,0,27.1
09:29:14,0.02,30.00,1.000,0.000,-1.000,,,CLEAR,0,27.9
09:29:14,0.01,30.00,1.000,0.000,-1.000,,,CLEAR,0,27.9
09:29:14,0.00,30.00,1.000,0.000,-1.000,,,CLEAR,0,27.9
09:29:14,0.02,30.00,1.000,0.000,-1.000,,,CLEAR,0,27.9
09:29:14,0.01,30.00,1.000,0.000,-1.000,,,CLEAR,0,27.9
09:29:14,0.02,30.00,1.000,0.000,-1.000,,,CLEAR,0,27.9
09:29:15,0.00,30.00,1.000,0.000,-1.000,,,CLEAR,0,27.2
09:29:15,0.00,30.00,1.000,0.000,-1.000,,,CLEAR,0,27.2
09:29:15,0.02,30.00,1.000,0.000,-1.000,,,CLEAR,0,27.2
09:29:15,0.02,30.00,1.000,0.000,-1.000,,,CLEAR,0,27.2
09:29:15,0.01,30.00,1.000,0.000,-1.000,,,CLEAR,0,27.2
09:29:16,0.01,30.00,1.000,0.000,-1.000,,,CLEAR,0,27.2
09:29:16,0.01,30.00,1.000,0.000,-1.000,,,CLEAR,0,27.7
09:29:16,0.01,30.00,1.000,0.000,-1.000,,,CLEAR,0,27.7
09:29:16,0.02,30.00,1.000,0.000,-1.000,,,CLEAR,0,27.7
09:29:16,0.01,30.00,1.000,0.000,-1.000,,,CLEAR,0,27.7
09:29:16,0.01,30.00,1.000,0.000,-1.000,,,CLEAR,0,27.7
09:29:17,0.01,30.00,1.000,0.000,-1.000,,,CLEAR,0,27.5
09:29:17,0.01,30.00,1.000,0.000,-1.000,,,CLEAR,0,27.5
09:29:17,0.01,30.00,1.000,0.000,-1.000,,,CLEAR,0,27.5
09:29:17,0.01,30.00,1.000,0.000,-1.000,,,CLEAR,0,27.5
09:29:17,0.01,30.00,1.000,0.000,-1.000,,,CLEAR,0,27.5
09:29:18,0.01,30.00,1.000,0.000,-1.000,,,CLEAR,0,27.5
09:29:18,0.01,30.00,1.000,0.000,-1.000,,,CLEAR,0,27.4
09:29:18,0.04,30.00,1.000,0.000,-1.000,,,CLEAR,0,27.4
09:29:18,0.02,30.00,1.000,0.000,-1.000,,,CLEAR,0,27.4
09:29:18,0.02,30.00,1.000,0.000,-1.000,,,CLEAR,0,27.4
09:29:18,0.01,30.00,1.000,0.000,-1.000,,,CLEAR,0,27.4
09:29:19,0.01,30.00,1.000,0.000,-1.000,,,CLEAR,0,26.8
09:29:19,0.04,30.00,1.000,0.000,-1.000,,,CLEAR,0,26.8
09:29:19,0.02,30.00,1.000,0.000,-1.000,,,CLEAR,0,26.8
09:29:19,0.01,30.00,1.000,0.000,-1.000,,,CLEAR,0,26.8
09:29:19,0.03,30.00,1.000,0.000,-1.000,,,CLEAR,0,26.8
09:29:20,0.01,30.00,1.000,0.000,-1.000,,,CLEAR,0,26.8
09:29:20,0.00,30.00,1.000,0.000,-1.000,,,CLEAR,0,26.4
09:29:20,0.01,30.00,1.000,0.000,-1.000,,,CLEAR,0,26.4
09:29:20,0.01,30.00,1.000,0.000,-1.000,,,CLEAR,0,26.4
09:29:20,0.01,30.00,1.000,0.000,-1.000,,,CLEAR,0,26.4
09:29:21,0.01,30.00,1.000,0.000,-1.000,,,CLEAR,0,26.4
09:29:21,0.01,30.00,1.000,0.000,-1.000,,,CLEAR,0,26.4
09:29:21,0.01,30.00,1.000,0.000,-1.000,,,CLEAR,0,26.4
09:29:21,0.01,30.00,1.000,0.000,-1.000,,,CLEAR,0,26.4
09:29:21,0.01,30.00,1.000,0.000,-1.000,,,CLEAR,0,26.4
09:29:21,0.02,30.00,1.000,0.000,-1.000,,,CLEAR,0,26.4
09:29:22,0.01,30.00,1.000,0.000,-1.000,,,CLEAR,0,26.4
09:29:22,0.01,30.00,1.000,0.000,-1.000,,,CLEAR,0,27.5
09:29:22,0.01,30.00,1.000,0.000,-1.000,,,CLEAR,0,27.5
09:29:22,0.01,30.00,1.000,0.000,-1.000,,,CLEAR,0,27.5
09:29:22,0.01,30.00,1.000,0.000,-1.000,,,CLEAR,0,27.5
09:29:23,0.01,30.00,1.000,0.000,-1.000,,,CLEAR,0,27.5
09:29:23,0.01,30.00,1.000,0.000,-1.000,,,CLEAR,0,26.8
09:29:23,0.01,30.00,1.000,0.000,-1.000,,,CLEAR,0,26.8
09:29:23,0.01,30.00,1.000,0.000,-1.000,,,CLEAR,0,26.8
09:29:23,0.01,30.00,1.000,0.000,-1.000,,,CLEAR,0,26.8
09:29:24,0.05,30.00,1.000,0.000,-1.000,,,CLEAR,0,26.8
09:29:24,0.01,30.00,1.000,0.000,-1.000,,,CLEAR,0,26.9
09:29:24,0.00,30.00,1.000,0.000,-1.000,,,CLEAR,0,26.9
09:29:24,0.01,30.00,1.000,0.000,-1.000,,,CLEAR,0,26.9
09:29:24,0.01,30.00,1.000,0.000,-1.000,,,CLEAR,0,26.9
09:29:24,0.02,30.00,1.000,0.000,-1.000,,,CLEAR,0,26.9
09:29:25,0.04,30.00,1.000,0.000,-1.000,,,CLEAR,0,26.9
09:29:25,0.01,30.00,1.000,0.000,-1.000,,,CLEAR,0,26.9
09:29:25,0.02,30.00,1.000,0.000,-1.000,,,CLEAR,0,26.9
09:29:25,0.02,30.00,1.000,0.000,-1.000,,,CLEAR,0,26.9
09:29:25,0.02,30.00,1.000,0.000,-1.000,,,CLEAR,0,26.9
09:29:26,0.02,30.00,1.000,0.000,-1.000,,,CLEAR,0,26.9
09:29:26,0.02,30.00,1.000,0.000,-1.000,,,CLEAR,0,27.7
09:29:26,0.01,30.00,1.000,0.000,-1.000,,,CLEAR,0,27.7
09:29:26,0.02,30.00,1.000,0.000,-1.000,,,CLEAR,0,27.7
09:29:26,0.01,30.00,1.000,0.000,-1.000,,,CLEAR,0,27.7
09:29:26,0.00,30.00,1.000,0.000,-1.000,,,CLEAR,0,27.7
09:29:27,0.00,30.00,1.000,0.000,-1.000,,,CLEAR,0,27.7
09:29:27,0.05,30.00,1.000,0.000,-1.000,,,CLEAR,0,26.8
09:29:27,0.00,30.00,1.000,0.000,-1.000,,,CLEAR,0,26.8
09:29:27,0.01,30.00,1.000,0.000,-1.000,,,CLEAR,0,26.8
09:29:27,0.01,30.00,1.000,0.000,-1.000,,,CLEAR,0,26.8
09:29:28,0.00,30.00,1.000,0.000,-1.000,,,CLEAR,0,26.8
09:29:28,0.01,30.00,1.000,0.000,-1.000,,,CLEAR,0,27.3
09:29:28,0.02,30.00,1.000,0.000,-1.000,,,CLEAR,0,27.3
09:29:28,0.02,30.00,1.000,0.000,-1.000,,,CLEAR,0,27.3
09:29:28,0.00,30.00,1.000,0.000,-1.000,,,CLEAR,0,27.3
09:29:29,0.02,30.00,1.000,0.000,-1.000,,,CLEAR,0,27.3
09:29:29,0.00,30.00,1.000,0.000,-1.000,,,CLEAR,0,27.3
09:29:29,0.01,30.00,1.000,0.000,-1.000,,,CLEAR,0,26.5
09:29:29,0.02,30.00,1.000,0.000,-1.000,,,CLEAR,0,26.5
09:29:29,0.01,30.00,1.000,0.000,-1.000,,,CLEAR,0,26.5
09:29:29,0.02,30.00,1.000,0.000,-1.000,,,CLEAR,0,26.5
09:29:30,0.00,30.00,1.000,0.000,-1.000,,,CLEAR,0,26.5
09:29:30,0.01,30.00,1.000,0.000,-1.000,,,CLEAR,0,26.8
09:29:30,0.00,30.00,1.000,0.000,-1.000,,,CLEAR,0,26.8
09:29:30,0.02,30.00,1.000,0.000,-1.000,,,CLEAR,0,26.8
09:29:30,0.02,30.00,1.000,0.000,-1.000,,,CLEAR,0,26.8
09:29:31,0.02,30.00,1.000,0.000,-1.000,,,CLEAR,0,26.8
09:29:31,0.01,30.00,1.000,0.000,-1.000,,,CLEAR,0,26.8
09:29:31,0.01,30.00,1.000,0.000,-1.000,,,CLEAR,0,26.9
09:29:31,0.02,30.00,1.000,0.000,-1.000,,,CLEAR,0,26.9
09:29:31,0.01,30.00,1.000,0.000,-1.000,,,CLEAR,0,26.9
09:29:32,0.01,30.00,1.000,0.000,-1.000,,,CLEAR,0,26.9
09:29:32,0.01,30.00,1.000,0.000,-1.000,,,CLEAR,0,26.9
09:29:32,0.05,30.00,1.000,0.000,-1.000,,,CLEAR,0,26.9
09:29:32,0.02,30.00,1.000,0.000,-1.000,,,CLEAR,0,26.9
09:29:32,0.03,30.00,1.000,0.000,-1.000,,,CLEAR,0,26.9
09:29:32,0.02,30.00,1.000,0.000,-1.000,,,CLEAR,0,26.9
09:29:33,0.00,30.00,1.000,0.000,-1.000,,,CLEAR,0,26.9
09:29:33,0.00,30.00,1.000,0.000,-1.000,,,CLEAR,0,26.9
09:29:33,0.01,30.00,1.000,0.000,-1.000,,,CLEAR,0,28.2
09:29:33,0.01,30.00,1.000,0.000,-1.000,,,CLEAR,0,28.2
09:29:33,0.03,30.00,1.000,0.000,-1.000,,,CLEAR,0,28.2
09:29:33,0.01,30.00,1.000,0.000,-1.000,,,CLEAR,0,28.2
09:29:34,0.01,30.00,1.000,0.000,-1.000,,,CLEAR,0,28.2
09:29:34,0.06,30.00,1.000,0.000,-1.000,,,CLEAR,0,27.2
09:29:34,0.01,30.00,1.000,0.000,-1.000,,,CLEAR,0,27.2
09:29:34,0.01,30.00,1.000,0.000,-1.000,,,CLEAR,0,27.2
09:29:34,0.01,30.00,1.000,0.000,-1.000,,,CLEAR,0,27.2
09:29:35,0.01,30.00,1.000,0.000,-1.000,,,CLEAR,0,27.2
09:29:35,0.01,30.00,1.000,0.000,-1.000,,,CLEAR,0,27.2
09:29:35,0.00,30.00,1.000,0.000,-1.000,,,CLEAR,0,27.0
09:29:35,0.01,30.00,1.000,0.000,-1.000,,,CLEAR,0,27.0
09:29:35,0.01,30.00,1.000,0.000,-1.000,,,CLEAR,0,27.0
09:29:36,0.01,30.00,1.000,0.000,-1.000,,,CLEAR,0,27.0
09:29:36,0.01,30.00,1.000,0.000,-1.000,,,CLEAR,0,27.0
09:29:36,0.01,30.00,1.000,0.000,-1.000,,,CLEAR,0,26.8
09:29:36,0.01,30.00,1.000,0.000,-1.000,,,CLEAR,0,26.8
09:29:36,0.01,30.00,1.000,0.000,-1.000,,,CLEAR,0,26.8
09:29:36,0.02,30.00,1.000,0.000,-1.000,,,CLEAR,0,26.8
09:29:37,0.01,30.00,1.000,0.000,-1.000,,,CLEAR,0,26.8
09:29:37,0.02,30.00,1.000,0.000,-1.000,,,CLEAR,0,26.8
09:29:37,0.03,30.00,1.000,0.000,-1.000,,,CLEAR,0,27.4
09:29:37,0.02,30.00,1.000,0.000,-1.000,,,CLEAR,0,27.4
09:29:37,0.02,30.00,1.000,0.000,-1.000,,,CLEAR,0,27.4
09:29:38,0.04,30.00,1.000,0.000,-1.000,,,CLEAR,0,27.4
09:29:38,0.01,30.00,1.000,0.000,-1.000,,,CLEAR,0,27.4
09:29:38,0.02,30.00,1.000,0.000,-1.000,,,CLEAR,0,26.3
09:29:38,0.01,30.00,1.000,0.000,-1.000,,,CLEAR,0,26.3
09:29:38,0.01,30.00,1.000,0.000,-1.000,,,CLEAR,0,26.3
09:29:39,0.01,30.00,1.000,0.000,-1.000,,,CLEAR,0,26.3
09:29:39,0.03,30.00,1.000,0.000,-1.000,,,CLEAR,0,26.3
09:29:39,0.00,30.00,1.000,0.000,-1.000,,,CLEAR,0,26.3
09:29:39,0.01,30.00,1.000,0.000,-1.000,,,CLEAR,0,27.5
09:29:39,0.03,30.00,1.000,0.000,-1.000,,,CLEAR,0,27.5
09:29:39,0.00,30.00,1.000,0.000,-1.000,,,CLEAR,0,27.5
09:29:40,0.02,30.00,1.000,0.000,-1.000,,,CLEAR,0,27.5
09:29:40,0.03,30.00,1.000,0.000,-1.000,,,CLEAR,0,27.5
09:29:40,0.02,30.00,1.000,0.000,-1.000,,,CLEAR,0,26.8
09:29:40,0.01,30.00,1.000,0.000,-1.000,,,CLEAR,0,26.8
09:29:40,0.00,30.00,1.000,0.000,-1.000,,,CLEAR,0,26.8
09:29:41,0.01,30.00,1.000,0.000,-1.000,,,CLEAR,0,26.8
09:29:41,0.03,30.00,1.000,0.000,-1.000,,,CLEAR,0,26.8
09:29:41,0.00,30.00,1.000,0.000,-1.000,,,CLEAR,0,26.8
09:29:41,0.01,30.00,1.000,0.000,-1.000,,,CLEAR,0,27.0
09:29:41,0.01,30.00,1.000,0.000,-1.000,,,CLEAR,0,27.0
09:29:41,0.01,30.00,1.000,0.000,-1.000,,,CLEAR,0,27.0
09:29:42,0.01,30.00,1.000,0.000,-1.000,,,CLEAR,0,27.0
09:29:42,0.01,30.00,1.000,0.000,-1.000,,,CLEAR,0,27.0
09:29:42,0.01,30.00,1.000,0.000,-1.000,,,CLEAR,0,27.1
09:29:42,0.01,30.00,1.000,0.000,-1.000,,,CLEAR,0,27.1
09:29:42,0.01,30.00,1.000,0.000,-1.000,,,CLEAR,0,27.1
09:29:43,0.01,30.00,1.000,0.000,-1.000,,,CLEAR,0,27.1
09:29:43,0.00,30.00,1.000,0.000,-1.000,,,CLEAR,0,27.1
09:29:43,0.01,30.00,1.000,0.000,-1.000,,,CLEAR,0,27.1
09:29:43,0.02,30.00,1.000,0.000,-1.000,,,CLEAR,0,27.5
09:29:43,0.00,30.00,1.000,0.000,-1.000,,,CLEAR,0,27.5
09:29:43,0.03,30.00,1.000,0.000,-1.000,,,CLEAR,0,27.5
09:29:44,0.01,30.00,1.000,0.000,-1.000,,,CLEAR,0,27.5
09:29:44,0.02,30.00,1.000,0.000,-1.000,,,CLEAR,0,27.5
09:29:44,0.01,30.00,1.000,0.000,-1.000,,,CLEAR,0,27.5
09:29:44,0.01,30.00,1.000,0.000,-1.000,,,CLEAR,0,27.6
09:29:44,0.00,30.00,1.000,0.000,-1.000,,,CLEAR,0,27.6
09:29:45,0.01,30.00,1.000,0.000,-1.000,,,CLEAR,0,27.6
09:29:45,0.03,30.00,1.000,0.000,-1.000,,,CLEAR,0,27.6
09:29:45,0.01,30.00,1.000,0.000,-1.000,,,CLEAR,0,27.6
09:29:45,0.02,30.00,1.000,0.000,-1.000,,,CLEAR,0,27.3
09:29:45,0.01,30.00,1.000,0.000,-1.000,,,CLEAR,0,27.3
09:29:45,0.00,30.00,1.000,0.000,-1.000,,,CLEAR,0,27.3
09:29:46,0.00,30.00,1.000,0.000,-1.000,,,CLEAR,0,27.3
09:29:46,0.03,30.00,1.000,0.000,-1.000,,,CLEAR,0,27.3
09:29:46,0.02,30.00,1.000,0.000,-1.000,,,CLEAR,0,27.3
09:29:46,0.00,30.00,1.000,0.000,-1.000,,,CLEAR,0,27.5
09:29:46,0.02,30.00,1.000,0.000,-1.000,,,CLEAR,0,27.5
09:29:47,0.01,30.00,1.000,0.000,-1.000,,,CLEAR,0,27.5
09:29:47,0.01,30.00,1.000,0.000,-1.000,,,CLEAR,0,27.5
09:29:47,0.00,30.00,1.000,0.000,-1.000,,,CLEAR,0,27.5
09:29:47,0.01,30.00,1.000,0.000,-1.000,,,CLEAR,0,27.5
09:29:47,0.00,30.00,1.000,0.000,-1.000,,,CLEAR,0,27.5
09:29:47,0.01,30.00,1.000,0.000,-1.000,,,CLEAR,0,27.5
09:29:48,0.01,30.00,1.000,0.000,-1.000,,,CLEAR,0,27.5
09:29:48,0.01,30.00,1.000,0.000,-1.000,,,CLEAR,0,27.5
09:29:48,0.00,30.00,1.000,0.000,-1.000,,,CLEAR,0,27.5
09:29:48,0.01,30.00,1.000,0.000,-1.000,,,CLEAR,0,27.6
09:29:48,0.01,30.00,1.000,0.000,-1.000,,,CLEAR,0,27.6
09:29:49,0.03,30.00,1.000,0.000,-1.000,,,CLEAR,0,27.6
09:29:49,0.02,30.00,1.000,0.000,-1.000,,,CLEAR,0,27.6
09:29:49,0.00,30.00,1.000,0.000,-1.000,,,CLEAR,0,27.6
09:29:49,0.00,30.00,1.000,0.000,-1.000,,,CLEAR,0,27.6
09:29:49,0.02,30.00,1.000,0.000,-1.000,,,CLEAR,0,27.3
09:29:49,0.00,30.00,1.000,0.000,-1.000,,,CLEAR,0,27.3
09:29:50,0.00,30.00,1.000,0.000,-1.000,,,CLEAR,0,27.3
09:29:50,0.01,30.00,1.000,0.000,-1.000,,,CLEAR,0,27.3
09:29:50,0.01,30.00,1.000,0.000,-1.000,,,CLEAR,0,27.3
09:29:50,0.02,30.00,1.000,0.000,-1.000,,,CLEAR,0,26.9
09:29:50,0.01,30.00,1.000,0.000,-1.000,,,CLEAR,0,26.9
09:29:51,0.02,30.00,1.000,0.000,-1.000,,,CLEAR,0,26.9
09:29:51,0.00,30.00,1.000,0.000,-1.000,,,CLEAR,0,26.9
09:29:51,0.02,30.00,1.000,0.000,-1.000,,,CLEAR,0,26.9
09:29:51,0.02,30.00,1.000,0.000,-1.000,,,CLEAR,0,26.5
09:29:51,0.02,30.00,1.000,0.000,-1.000,,,CLEAR,0,26.5
09:29:52,0.02,30.00,1.000,0.000,-1.000,,,CLEAR,0,26.5
09:29:52,0.03,30.00,1.000,0.000,-1.000,,,CLEAR,0,26.5
09:29:52,0.02,30.00,1.000,0.000,-1.000,,,CLEAR,0,26.5
09:29:52,0.02,30.00,1.000,0.000,-1.000,,,CLEAR,0,26.5
09:29:52,0.02,30.00,1.000,0.000,-1.000,,,CLEAR,0,27.7
09:29:52,0.07,30.00,1.000,0.000,-1.000,,,CLEAR,0,27.7
09:29:53,0.00,30.00,1.000,0.000,-1.000,,,CLEAR,0,27.7
09:29:53,0.00,30.00,1.000,0.000,-1.000,,,CLEAR,0,27.7
09:29:53,0.04,30.00,1.000,0.000,-1.000,,,CLEAR,0,27.7
09:29:53,0.03,30.00,1.000,0.000,-1.000,,,CLEAR,0,26.8
09:29:53,0.00,30.00,1.000,0.000,-1.000,,,CLEAR,0,26.8
09:29:54,0.00,30.00,1.000,0.000,-1.000,,,CLEAR,0,26.8
09:29:54,0.00,30.00,1.000,0.000,-1.000,,,CLEAR,0,26.8
09:29:54,0.01,30.00,1.000,0.000,-1.000,,,CLEAR,0,26.8
09:29:54,0.01,30.00,1.000,0.000,-1.000,,,CLEAR,0,26.8
09:29:54,0.02,30.00,1.000,0.000,-1.000,,,CLEAR,0,26.8
09:29:55,0.01,30.00,1.000,0.000,-1.000,,,CLEAR,0,26.8
09:29:55,0.00,30.00,1.000,0.000,-1.000,,,CLEAR,0,26.8
09:29:55,0.01,30.00,1.000,0.000,-1.000,,,CLEAR,0,26.8
09:29:55,0.01,30.00,1.000,0.000,-1.000,,,CLEAR,0,26.8
09:29:55,0.01,30.00,1.000,0.000,-1.000,,,CLEAR,0,27.1
09:29:55,0.01,30.00,1.000,0.000,-1.000,,,CLEAR,0,27.1
09:29:56,0.00,30.00,1.000,0.000,-1.000,,,CLEAR,0,27.1
09:29:56,0.00,30.00,1.000,0.000,-1.000,,,CLEAR,0,27.1
09:29:56,0.05,30.00,1.000,0.000,-1.000,,,CLEAR,0,27.1
09:29:56,0.01,30.00,1.000,0.000,-1.000,,,CLEAR,0,27.1
09:29:56,0.01,30.00,1.000,0.000,-1.000,,,CLEAR,0,28.0
09:29:57,0.01,30.00,1.000,0.000,-1.000,,,CLEAR,0,28.0
09:29:57,0.01,30.00,1.000,0.000,-1.000,,,CLEAR,0,28.0
09:29:57,0.02,30.00,1.000,0.000,-1.000,,,CLEAR,0,28.0
09:29:57,0.01,30.00,1.000,0.000,-1.000,,,CLEAR,0,28.0
09:29:57,0.05,30.00,1.000,0.000,-1.000,,,CLEAR,0,28.0
09:29:57,0.01,30.00,1.000,0.000,-1.000,,,CLEAR,0,27.1
09:29:58,0.02,30.00,1.000,0.000,-1.000,,,CLEAR,0,27.1
09:29:58,0.04,30.00,1.000,0.000,-1.000,,,CLEAR,0,27.1
09:29:58,0.03,30.00,1.000,0.000,-1.000,,,CLEAR,0,27.1
09:29:58,0.01,30.00,1.000,0.000,-1.000,,,CLEAR,0,27.1
09:29:58,0.01,30.00,1.000,0.000,-1.000,,,CLEAR,0,26.5
09:29:59,0.01,30.00,1.000,0.000,-1.000,,,CLEAR,0,26.5
09:29:59,0.01,30.00,1.000,0.000,-1.000,,,CLEAR,0,26.5
09:29:59,0.01,30.00,1.000,0.000,-1.000,,,CLEAR,0,26.5
09:29:59,0.01,30.00,1.000,0.000,-1.000,,,CLEAR,0,26.5
09:29:59,0.01,30.00,1.000,0.000,-1.000,,,CLEAR,0,26.5
09:29:59,0.00,30.00,1.000,0.000,-1.000,,,CLEAR,0,27.5
09:30:00,0.01,30.00,1.000,0.000,-1.000,,,CLEAR,0,27.5
09:30:00,0.00,30.00,1.000,0.000,-1.000,,,CLEAR,0,27.5
09:30:00,0.00,30.00,1.000,0.000,-1.000,,,CLEAR,0,27.5
09:30:00,0.02,30.00,1.000,0.000,-1.000,,,CLEAR,0,27.5
09:30:00,0.02,30.00,1.000,0.000,-1.000,,,CLEAR,0,26.6
09:30:01,0.01,30.00,1.000,0.000,-1.000,,,CLEAR,0,26.6
09:30:01,0.01,30.00,1.000,0.000,-1.000,,,CLEAR,0,26.6
09:30:01,0.01,30.00,1.000,0.000,-1.000,,,CLEAR,0,26.6
09:30:01,0.01,30.00,1.000,0.000,-1.000,,,CLEAR,0,26.6
09:30:01,0.01,30.00,1.000,0.000,-1.000,,,CLEAR,0,26.6
09:30:01,0.02,30.00,1.000,0.000,-1.000,,,CLEAR,0,27.5
09:30:02,0.03,30.00,1.000,0.000,-1.000,,,CLEAR,0,27.5
09:30:02,0.00,30.00,1.000,0.000,-1.000,,,CLEAR,0,27.5
09:30:02,0.01,30.00,1.000,0.000,-1.000,,,CLEAR,0,27.5
09:30:02,0.01,30.00,1.000,0.000,-1.000,,,CLEAR,0,27.5
09:30:02,0.01,30.00,1.000,0.000,-1.000,,,CLEAR,0,27.3
09:30:03,0.02,30.00,1.000,0.000,-1.000,,,CLEAR,0,27.3
09:30:03,0.02,30.00,1.000,0.000,-1.000,,,CLEAR,0,27.3
09:30:03,0.04,30.00,1.000,0.000,-1.000,,,CLEAR,0,27.3
09:30:03,0.00,30.00,1.000,0.000,-1.000,,,CLEAR,0,27.3
09:30:03,0.01,30.00,1.000,0.000,-1.000,,,CLEAR,0,27.3
09:30:04,0.01,30.00,1.000,0.000,-1.000,,,CLEAR,0,27.1
09:30:04,0.02,30.00,1.000,0.000,-1.000,,,CLEAR,0,27.1
09:30:04,0.02,30.00,1.000,0.000,-1.000,,,CLEAR,0,27.1
09:30:04,0.02,30.00,1.000,0.000,-1.000,,,CLEAR,0,27.1
09:30:04,0.03,30.00,1.000,0.000,-1.000,,,CLEAR,0,27.1
09:30:04,0.03,30.00,1.000,0.000,-1.000,,,CLEAR,0,27.9
09:30:05,0.00,30.00,1.000,0.000,-1.000,,,CLEAR,0,27.9
09:30:05,0.01,30.00,1.000,0.000,-1.000,,,CLEAR,0,27.9
09:30:05,0.01,30.00,1.000,0.000,-1.000,,,CLEAR,0,27.9
09:30:05,0.01,30.00,1.000,0.000,-1.000,,,CLEAR,0,27.9
09:30:05,0.00,30.00,1.000,0.000,-1.000,,,CLEAR,0,27.9
09:30:05,0.01,30.00,1.000,0.000,-1.000,,,CLEAR,0,27.4
09:30:06,0.02,30.00,1.000,0.000,-1.000,,,CLEAR,0,27.4
09:30:06,0.01,30.00,1.000,0.000,-1.000,,,CLEAR,0,27.4
09:30:06,0.08,30.00,1.000,0.000,-1.000,,,CLEAR,0,27.4
09:30:06,0.00,30.00,1.000,0.000,-1.000,,,CLEAR,0,27.4
09:30:06,0.01,30.00,1.000,0.000,-1.000,,,CLEAR,0,26.7
09:30:07,0.02,30.00,1.000,0.000,-1.000,,,CLEAR,0,26.7
09:30:07,0.02,30.00,1.000,0.000,-1.000,,,CLEAR,0,26.7
09:30:07,0.01,30.00,1.000,0.000,-1.000,,,CLEAR,0,26.7
09:30:07,0.00,30.00,1.000,0.000,-1.000,,,CLEAR,0,26.7
09:30:07,0.01,30.00,1.000,0.000,-1.000,,,CLEAR,0,26.7
09:30:08,0.03,30.00,1.000,0.000,-1.000,,,CLEAR,0,27.8
09:30:08,0.00,30.00,1.000,0.000,-1.000,,,CLEAR,0,27.8
09:30:08,0.01,30.00,1.000,0.000,-1.000,,,CLEAR,0,27.8
09:30:08,0.07,30.00,1.000,0.000,-1.000,,,CLEAR,0,27.8
09:30:08,0.01,30.00,1.000,0.000,-1.000,,,CLEAR,0,27.8
09:30:08,0.01,30.00,1.000,0.000,-1.000,,,CLEAR,0,27.8
09:30:09,0.02,30.00,1.000,0.000,-1.000,,,CLEAR,0,27.3
09:30:09,0.01,30.00,1.000,0.000,-1.000,,,CLEAR,0,27.3
09:30:09,0.00,30.00,1.000,0.000,-1.000,,,CLEAR,0,27.3
09:30:09,0.00,30.00,1.000,0.000,-1.000,,,CLEAR,0,27.3
09:30:09,0.01,30.00,1.000,0.000,-1.000,,,CLEAR,0,27.3
09:30:10,0.01,30.00,1.000,0.000,-1.000,,,CLEAR,0,27.8
09:30:10,0.02,30.00,1.000,0.000,-1.000,,,CLEAR,0,27.8
09:30:10,0.00,30.00,1.000,0.000,-1.000,,,CLEAR,0,27.8
09:30:10,0.00,30.00,1.000,0.000,-1.000,,,CLEAR,0,27.8
09:30:10,0.01,30.00,1.000,0.000,-1.000,,,CLEAR,0,27.8
09:30:10,0.01,30.00,1.000,0.000,-1.000,,,CLEAR,0,27.8
09:30:11,0.01,30.00,1.000,0.000,-1.000,,,CLEAR,0,26.5
09:30:11,0.01,30.00,1.000,0.000,-1.000,,,CLEAR,0,26.5
09:30:11,0.00,30.00,1.000,0.000,-1.000,,,CLEAR,0,26.5
09:30:11,0.02,30.00,1.000,0.000,-1.000,,,CLEAR,0,26.5
09:30:11,0.01,30.00,1.000,0.000,-1.000,,,CLEAR,0,26.5
09:30:12,0.03,30.00,1.000,0.000,-1.000,,,CLEAR,0,27.0
09:30:12,0.01,30.00,1.000,0.000,-1.000,,,CLEAR,0,27.0
09:30:12,0.01,30.00,1.000,0.000,-1.000,,,CLEAR,0,27.0
09:30:12,0.01,30.00,1.000,0.000,-1.000,,,CLEAR,0,27.0
09:30:12,0.02,30.00,1.000,0.000,-1.000,,,CLEAR,0,27.0
09:30:13,0.02,30.00,1.000,0.000,-1.000,,,CLEAR,0,27.0
09:30:13,0.01,30.00,1.000,0.000,-1.000,,,CLEAR,0,26.1
09:30:13,0.01,30.00,1.000,0.000,-1.000,,,CLEAR,0,26.1
09:30:13,0.01,30.00,1.000,0.000,-1.000,,,CLEAR,0,26.1
09:30:13,0.02,30.00,1.000,0.000,-1.000,,,CLEAR,0,26.1
09:30:13,0.02,30.00,1.000,0.000,-1.000,,,CLEAR,0,26.1
09:30:14,0.02,30.00,1.000,0.000,-1.000,,,CLEAR,0,27.8
09:30:14,0.01,30.00,1.000,0.000,-1.000,,,CLEAR,0,27.8
09:30:14,0.01,30.00,1.000,0.000,-1.000,,,CLEAR,0,27.8
09:30:14,0.01,30.00,1.000,0.000,-1.000,,,CLEAR,0,27.8
09:30:14,0.00,30.00,1.000,0.000,-1.000,,,CLEAR,0,27.8
09:30:15,0.01,30.00,1.000,0.000,-1.000,,,CLEAR,0,27.8
09:30:15,0.01,30.00,1.000,0.000,-1.000,,,CLEAR,0,27.6
09:30:15,0.02,30.00,1.000,0.000,-1.000,,,CLEAR,0,27.6
09:30:15,0.02,30.00,1.000,0.000,-1.000,,,CLEAR,0,27.6
09:30:15,0.04,30.00,1.000,0.000,-1.000,,,CLEAR,0,27.6
09:30:15,0.01,30.00,1.000,0.000,-1.000,,,CLEAR,0,27.6
09:30:16,0.02,30.00,1.000,0.000,-1.000,,,CLEAR,0,27.0
09:30:16,0.01,30.00,1.000,0.000,-1.000,,,CLEAR,0,27.0
09:30:16,0.03,30.00,1.000,0.000,-1.000,,,CLEAR,0,27.0
09:30:16,0.01,30.00,1.000,0.000,-1.000,,,CLEAR,0,27.0
09:30:16,0.02,30.00,1.000,0.000,-1.000,,,CLEAR,0,27.0
09:30:17,0.01,30.00,1.000,0.000,-1.000,,,CLEAR,0,26.0
09:30:17,0.00,30.00,1.000,0.000,-1.000,,,CLEAR,0,26.0
09:30:17,0.01,30.00,1.000,0.000,-1.000,,,CLEAR,0,26.0
09:30:17,0.06,30.00,1.000,0.000,-1.000,,,CLEAR,0,26.0
09:30:17,0.01,30.00,1.000,0.000,-1.000,,,CLEAR,0,26.0
09:30:18,0.02,30.00,1.000,0.000,-1.000,,,CLEAR,0,26.0
09:30:18,0.02,30.00,1.000,0.000,-1.000,,,CLEAR,0,26.6
09:30:18,0.03,30.00,1.000,0.000,-1.000,,,CLEAR,0,26.6
09:30:18,0.03,30.00,1.000,0.000,-1.000,,,CLEAR,0,26.6
09:30:18,0.01,30.00,1.000,0.000,-1.000,,,CLEAR,0,26.6
09:30:18,0.00,30.00,1.000,0.000,-1.000,,,CLEAR,0,26.6
09:30:19,0.02,30.00,1.000,0.000,-1.000,,,CLEAR,0,27.5
09:30:19,0.01,30.00,1.000,0.000,-1.000,,,CLEAR,0,27.5
09:30:19,0.04,30.00,1.000,0.000,-1.000,,,CLEAR,0,27.5
09:30:19,0.01,30.00,1.000,0.000,-1.000,,,CLEAR,0,27.5
09:30:19,0.00,30.00,1.000,0.000,-1.000,,,CLEAR,0,27.5
09:30:20,0.01,30.00,1.000,0.000,-1.000,,,CLEAR,0,27.5
09:30:20,0.00,30.00,1.000,0.000,-1.000,,,CLEAR,0,27.2
09:30:20,0.01,30.00,1.000,0.000,-1.000,,,CLEAR,0,27.2
09:30:20,0.01,30.00,1.000,0.000,-1.000,,,CLEAR,0,27.2
09:30:20,0.01,30.00,1.000,0.000,-1.000,,,CLEAR,0,27.2
09:30:20,0.01,30.00,1.000,0.000,-1.000,,,CLEAR,0,27.2
09:30:21,0.01,30.00,1.000,0.000,-1.000,,,CLEAR,0,27.2
09:30:21,0.01,30.00,1.000,0.000,-1.000,,,CLEAR,0,27.4
09:30:21,0.01,30.00,1.000,0.000,-1.000,,,CLEAR,0,27.4
09:30:21,0.00,30.00,1.000,0.000,-1.000,,,CLEAR,0,27.4
09:30:21,0.01,30.00,1.000,0.000,-1.000,,,CLEAR,0,27.4
09:30:22,0.01,30.00,1.000,0.000,-1.000,,,CLEAR,0,27.4
09:30:22,0.01,30.00,1.000,0.000,-1.000,,,CLEAR,0,26.0
09:30:22,0.00,30.00,1.000,0.000,-1.000,,,CLEAR,0,26.0
09:30:22,0.00,30.00,1.000,0.000,-1.000,,,CLEAR,0,26.0
09:30:22,0.01,30.00,1.000,0.000,-1.000,,,CLEAR,0,26.0
09:30:23,0.01,30.00,1.000,0.000,-1.000,,,CLEAR,0,26.0
09:30:23,0.00,30.00,1.000,0.000,-1.000,,,CLEAR,0,26.7
09:30:23,0.02,30.00,1.000,0.000,-1.000,,,CLEAR,0,26.7
09:30:23,0.00,30.00,1.000,0.000,-1.000,,,CLEAR,0,26.7
09:30:23,0.00,30.00,1.000,0.000,-1.000,,,CLEAR,0,26.7
09:30:23,0.01,30.00,1.000,0.000,-1.000,,,CLEAR,0,26.7
09:30:24,0.01,30.00,1.000,0.000,-1.000,,,CLEAR,0,26.7
09:30:24,0.01,30.00,1.000,0.000,-1.000,,,CLEAR,0,28.0
09:30:24,0.01,30.00,1.000,0.000,-1.000,,,CLEAR,0,28.0
09:30:24,0.01,30.00,1.000,0.000,-1.000,,,CLEAR,0,28.0
09:30:24,0.00,30.00,1.000,0.000,-1.000,,,CLEAR,0,28.0
09:30:25,0.01,30.00,1.000,0.000,-1.000,,,CLEAR,0,28.0
09:30:25,0.00,30.00,1.000,0.000,-1.000,,,CLEAR,0,26.9
09:30:25,0.01,30.00,1.000,0.000,-1.000,,,CLEAR,0,26.9
09:30:25,0.01,30.00,1.000,0.000,-1.000,,,CLEAR,0,26.9
09:30:25,0.01,30.00,1.000,0.000,-1.000,,,CLEAR,0,26.9
09:30:25,0.01,30.00,1.000,0.000,-1.000,,,CLEAR,0,26.9
09:30:26,0.01,30.00,1.000,0.000,-1.000,,,CLEAR,0,26.9
09:30:26,0.02,30.00,1.000,0.000,-1.000,,,CLEAR,0,27.7
09:30:26,0.00,30.00,1.000,0.000,-1.000,,,CLEAR,0,27.7
09:30:26,0.00,30.00,1.000,0.000,-1.000,,,CLEAR,0,27.7
09:30:26,0.01,30.00,1.000,0.000,-1.000,,,CLEAR,0,27.7
09:30:27,0.02,30.00,1.000,0.000,-1.000,,,CLEAR,0,27.7
09:30:27,0.00,30.00,1.000,0.000,-1.000,,,CLEAR,0,27.7
09:30:27,0.02,30.00,1.000,0.000,-1.000,,,CLEAR,0,27.7
09:30:27,0.02,30.00,1.000,0.000,-1.000,,,CLEAR,0,27.7
09:30:27,0.00,30.00,1.000,0.000,-1.000,,,CLEAR,0,27.7
09:30:27,0.03,30.00,1.000,0.000,-1.000,,,CLEAR,0,27.7
09:30:28,0.01,30.00,1.000,0.000,-1.000,,,CLEAR,0,27.7
09:30:28,0.01,30.00,1.000,0.000,-1.000,,,CLEAR,0,27.6
09:30:28,0.02,30.00,1.000,0.000,-1.000,,,CLEAR,0,27.6
09:30:28,0.01,30.00,1.000,0.000,-1.000,,,CLEAR,0,27.6
09:30:28,0.01,30.00,1.000,0.000,-1.000,,,CLEAR,0,27.6
09:30:29,0.01,30.00,1.000,0.000,-1.000,,,CLEAR,0,27.6
09:30:29,0.01,30.00,1.000,0.000,-1.000,,,CLEAR,0,27.6
09:30:29,0.02,30.00,1.000,0.000,-1.000,,,CLEAR,0,27.5
09:30:29,0.00,30.00,1.000,0.000,-1.000,,,CLEAR,0,27.5
09:30:29,0.02,30.00,1.000,0.000,-1.000,,,CLEAR,0,27.5
09:30:29,0.01,30.00,1.000,0.000,-1.000,,,CLEAR,0,27.5
09:30:30,0.02,30.00,1.000,0.000,-1.000,,,CLEAR,0,27.5
09:30:30,0.02,30.00,1.000,0.000,-1.000,,,CLEAR,0,27.9
09:30:30,0.01,30.00,1.000,0.000,-1.000,,,CLEAR,0,27.9
09:30:30,0.02,30.00,1.000,0.000,-1.000,,,CLEAR,0,27.9
09:30:30,0.02,30.00,1.000,0.000,-1.000,,,CLEAR,0,27.9
09:30:31,0.01,30.00,1.000,0.000,-1.000,,,CLEAR,0,27.9
09:30:31,0.03,30.00,1.000,0.000,-1.000,,,CLEAR,0,27.9
09:30:31,0.00,30.00,1.000,0.000,-1.000,,,CLEAR,0,27.3
09:30:31,0.00,30.00,1.000,0.000,-1.000,,,CLEAR,0,27.3
09:30:31,0.00,30.00,1.000,0.000,-1.000,,,CLEAR,0,27.3
09:30:31,0.01,30.00,1.000,0.000,-1.000,,,CLEAR,0,27.3
09:30:32,0.01,30.00,1.000,0.000,-1.000,,,CLEAR,0,27.3
09:30:32,0.03,30.00,1.000,0.000,-1.000,,,CLEAR,0,27.6
09:30:32,0.02,30.00,1.000,0.000,-1.000,,,CLEAR,0,27.6
09:30:32,0.01,30.00,1.000,0.000,-1.000,,,CLEAR,0,27.6
09:30:32,0.00,30.00,1.000,0.000,-1.000,,,CLEAR,0,27.6
09:30:33,0.01,30.00,1.000,0.000,-1.000,,,CLEAR,0,27.6
09:30:33,0.01,30.00,1.000,0.000,-1.000,,,CLEAR,0,27.6
09:30:33,0.02,30.00,1.000,0.000,-1.000,,,CLEAR,0,27.7
09:30:33,0.01,30.00,1.000,0.000,-1.000,,,CLEAR,0,27.7
09:30:33,0.01,30.00,1.000,0.000,-1.000,,,CLEAR,0,27.7
09:30:33,0.01,30.00,1.000,0.000,-1.000,,,CLEAR,0,27.7
09:30:34,0.00,30.00,1.000,0.000,-1.000,,,CLEAR,0,27.7
09:30:34,0.02,30.00,1.000,0.000,-1.000,,,CLEAR,0,27.7
09:30:34,0.01,30.00,1.000,0.000,-1.000,,,CLEAR,0,27.5
09:30:34,0.03,30.00,1.000,0.000,-1.000,,,CLEAR,0,27.5
09:30:34,0.07,30.00,1.000,0.000,-1.000,,,CLEAR,0,27.5
09:30:35,0.02,30.00,1.000,0.000,-1.000,,,CLEAR,0,27.5
09:30:35,0.02,30.00,1.000,0.000,-1.000,,,CLEAR,0,27.5
09:30:35,0.01,30.00,1.000,0.000,-1.000,,,CLEAR,0,27.6
09:30:35,0.01,30.00,1.000,0.000,-1.000,,,CLEAR,0,27.6
09:30:35,0.01,30.00,1.000,0.000,-1.000,,,CLEAR,0,27.6
09:30:35,0.02,30.00,1.000,0.000,-1.000,,,CLEAR,0,27.6
09:30:36,0.01,30.00,1.000,0.000,-1.000,,,CLEAR,0,27.6
09:30:36,0.01,30.00,1.000,0.000,-1.000,,,CLEAR,0,27.6
09:30:36,0.00,30.00,1.000,0.000,-1.000,,,CLEAR,0,26.7
09:30:36,0.00,30.00,1.000,0.000,-1.000,,,CLEAR,0,26.7
09:30:36,0.02,30.00,1.000,0.000,-1.000,,,CLEAR,0,26.7
09:30:37,0.02,30.00,1.000,0.000,-1.000,,,CLEAR,0,26.7
09:30:37,0.01,30.00,1.000,0.000,-1.000,,,CLEAR,0,26.7
09:30:37,0.00,30.00,1.000,0.000,-1.000,,,CLEAR,0,26.8
09:30:37,0.01,30.00,1.000,0.000,-1.000,,,CLEAR,0,26.8
09:30:37,0.01,30.00,1.000,0.000,-1.000,,,CLEAR,0,26.8
09:30:37,0.00,30.00,1.000,0.000,-1.000,,,CLEAR,0,26.8
09:30:38,0.02,30.00,1.000,0.000,-1.000,,,CLEAR,0,26.8
09:30:38,0.02,30.00,1.000,0.000,-1.000,,,CLEAR,0,26.7
09:30:38,0.01,30.00,1.000,0.000,-1.000,,,CLEAR,0,26.7
09:30:38,0.01,30.00,1.000,0.000,-1.000,,,CLEAR,0,26.7
09:30:38,0.01,30.00,1.000,0.000,-1.000,,,CLEAR,0,26.7
09:30:39,0.03,30.00,1.000,0.000,-1.000,,,CLEAR,0,26.7
09:30:39,0.01,30.00,1.000,0.000,-1.000,,,CLEAR,0,26.7
09:30:39,0.01,30.00,1.000,0.000,-1.000,,,CLEAR,0,26.7
09:30:39,0.01,30.00,1.000,0.000,-1.000,,,CLEAR,0,26.7
09:30:39,0.01,30.00,1.000,0.000,-1.000,,,CLEAR,0,26.7
09:30:40,0.01,30.00,1.000,0.000,-1.000,,,CLEAR,0,26.7
09:30:40,0.02,30.00,1.000,0.000,-1.000,,,CLEAR,0,26.7
09:30:40,0.01,30.00,1.000,0.000,-1.000,,,CLEAR,0,27.7
09:30:40,0.02,30.00,1.000,0.000,-1.000,,,CLEAR,0,27.7
09:30:40,0.00,30.00,1.000,0.000,-1.000,,,CLEAR,0,27.7
09:30:40,0.01,30.00,1.000,0.000,-1.000,,,CLEAR,0,27.7
09:30:41,0.01,30.00,1.000,0.000,-1.000,,,CLEAR,0,27.7
09:30:41,0.04,30.00,1.000,0.000,-1.000,,,CLEAR,0,27.7
09:30:41,0.00,30.00,1.000,0.000,-1.000,,,CLEAR,0,27.4
09:30:41,0.00,30.00,1.000,0.000,-1.000,,,CLEAR,0,27.4
09:30:41,0.01,30.00,1.000,0.000,-1.000,,,CLEAR,0,27.4
09:30:42,0.02,30.00,1.000,0.000,-1.000,,,CLEAR,0,27.4
09:30:42,0.01,30.00,1.000,0.000,-1.000,,,CLEAR,0,27.4
09:30:42,0.01,30.00,1.000,0.000,-1.000,,,CLEAR,0,26.3
09:30:42,0.03,30.00,1.000,0.000,-1.000,,,CLEAR,0,26.3
09:30:42,0.04,30.00,1.000,0.000,-1.000,,,CLEAR,0,26.3
09:30:42,0.02,30.00,1.000,0.000,-1.000,,,CLEAR,0,26.3
09:30:43,0.01,30.00,1.000,0.000,-1.000,,,CLEAR,0,26.3
09:30:43,0.03,30.00,1.000,0.000,-1.000,,,CLEAR,0,26.3
09:30:43,0.01,30.00,1.000,0.000,-1.000,,,CLEAR,0,27.7
09:30:43,0.02,30.00,1.000,0.000,-1.000,,,CLEAR,0,27.7
09:30:43,0.01,30.00,1.000,0.000,-1.000,,,CLEAR,0,27.7
09:30:44,0.02,30.00,1.000,0.000,-1.000,,,CLEAR,0,27.7
09:30:44,0.01,30.00,1.000,0.000,-1.000,,,CLEAR,0,27.7
09:30:44,0.01,30.00,1.000,0.000,-1.000,,,CLEAR,0,27.7
09:30:44,0.02,30.00,1.000,0.000,-1.000,,,CLEAR,0,27.9
09:30:44,0.03,30.00,1.000,0.000,-1.000,,,CLEAR,0,27.9
09:30:44,0.01,30.00,1.000,0.000,-1.000,,,CLEAR,0,27.9
09:30:45,0.01,30.00,1.000,0.000,-1.000,,,CLEAR,0,27.9
09:30:45,0.01,30.00,1.000,0.000,-1.000,,,CLEAR,0,27.9
09:30:45,0.01,30.00,1.000,0.000,-1.000,,,CLEAR,0,27.5
09:30:45,0.00,30.00,1.000,0.000,-1.000,,,CLEAR,0,27.5
09:30:45,0.00,30.00,1.000,0.000,-1.000,,,CLEAR,0,27.5
09:30:46,0.00,30.00,1.000,0.000,-1.000,,,CLEAR,0,27.5
09:30:46,0.02,30.00,1.000,0.000,-1.000,,,CLEAR,0,27.5
09:30:46,0.02,30.00,1.000,0.000,-1.000,,,CLEAR,0,27.5
09:30:46,0.01,30.00,1.000,0.000,-1.000,,,CLEAR,0,26.9
09:30:46,0.01,30.00,1.000,0.000,-1.000,,,CLEAR,0,26.9
09:30:46,0.05,30.00,1.000,0.000,-1.000,,,CLEAR,0,26.9
09:30:47,0.01,30.00,1.000,0.000,-1.000,,,CLEAR,0,26.9
09:30:47,0.00,30.00,1.000,0.000,-1.000,,,CLEAR,0,26.9
09:30:47,0.02,30.00,1.000,0.000,-1.000,,,CLEAR,0,26.9
09:30:47,0.01,30.00,1.000,0.000,-1.000,,,CLEAR,0,26.9
09:30:47,0.00,30.00,1.000,0.000,-1.000,,,CLEAR,0,26.9
09:30:48,0.01,30.00,1.000,0.000,-1.000,,,CLEAR,0,26.9
09:30:48,0.02,30.00,1.000,0.000,-1.000,,,CLEAR,0,26.9
09:30:48,0.03,30.00,1.000,0.000,-1.000,,,CLEAR,0,26.7
09:30:48,0.02,30.00,1.000,0.000,-1.000,,,CLEAR,0,26.7
09:30:48,0.02,30.00,1.000,0.000,-1.000,,,CLEAR,0,26.7
09:30:49,0.01,30.00,1.000,0.000,-1.000,,,CLEAR,0,26.7
09:30:49,0.01,30.00,1.000,0.000,-1.000,,,CLEAR,0,26.7
09:30:49,0.01,30.00,1.000,0.000,-1.000,,,CLEAR,0,26.7
09:30:49,0.01,30.00,1.000,0.000,-1.000,,,CLEAR,0,26.5
09:30:49,0.01,30.00,1.000,0.000,-1.000,,,CLEAR,0,26.5
09:30:49,0.01,30.00,1.000,0.000,-1.000,,,CLEAR,0,26.5
09:30:50,0.01,30.00,1.000,0.000,-1.000,,,CLEAR,0,26.5
09:30:50,0.01,30.00,1.000,0.000,-1.000,,,CLEAR,0,26.5
09:30:50,0.01,30.00,1.000,0.000,-1.000,,,CLEAR,0,27.8
09:30:50,0.02,30.00,1.000,0.000,-1.000,,,CLEAR,0,27.8
09:30:50,0.01,30.00,1.000,0.000,-1.000,,,CLEAR,0,27.8
09:30:51,0.02,30.00,1.000,0.000,-1.000,,,CLEAR,0,27.8
09:30:51,0.01,30.00,1.000,0.000,-1.000,,,CLEAR,0,27.8
09:30:51,0.02,30.00,1.000,0.000,-1.000,,,CLEAR,0,27.8
09:30:51,0.01,30.00,1.000,0.000,-1.000,,,CLEAR,0,27.8
09:30:51,0.01,30.00,1.000,0.000,-1.000,,,CLEAR,0,27.8
09:30:51,0.01,30.00,1.000,0.000,-1.000,,,CLEAR,0,27.8
09:30:52,0.01,30.00,1.000,0.000,-1.000,,,CLEAR,0,27.8
09:30:52,0.01,30.00,1.000,0.000,-1.000,,,CLEAR,0,27.8
09:30:52,0.00,30.00,1.000,0.000,-1.000,,,CLEAR,0,26.7
09:30:52,0.01,30.00,1.000,0.000,-1.000,,,CLEAR,0,26.7
09:30:52,0.00,30.00,1.000,0.000,-1.000,,,CLEAR,0,26.7
09:30:53,0.01,30.00,1.000,0.000,-1.000,,,CLEAR,0,26.7
09:30:53,0.01,30.00,1.000,0.000,-1.000,,,CLEAR,0,26.7
09:30:53,0.01,30.00,1.000,0.000,-1.000,,,CLEAR,0,26.7
09:30:53,0.03,30.00,1.000,0.000,-1.000,,,CLEAR,0,27.4
09:30:53,0.01,30.00,1.000,0.000,-1.000,,,CLEAR,0,27.4
09:30:53,0.01,30.00,1.000,0.000,-1.000,,,CLEAR,0,27.4
09:30:54,0.01,30.00,1.000,0.000,-1.000,,,CLEAR,0,27.4
09:30:54,0.01,30.00,1.000,0.000,-1.000,,,CLEAR,0,27.4
09:30:54,0.02,30.00,1.000,0.000,-1.000,,,CLEAR,0,27.4
09:30:54,0.01,30.00,1.000,0.000,-1.000,,,CLEAR,0,27.7
09:30:54,0.01,30.00,1.000,0.000,-1.000,,,CLEAR,0,27.7
09:30:55,0.02,30.00,1.000,0.000,-1.000,,,CLEAR,0,27.7
09:30:55,0.01,30.00,1.000,0.000,-1.000,,,CLEAR,0,27.7
09:30:55,0.01,30.00,1.000,0.000,-1.000,,,CLEAR,0,27.7
09:30:55,0.01,30.00,1.000,0.000,-1.000,,,CLEAR,0,27.9
09:30:55,0.01,30.00,1.000,0.000,-1.000,,,CLEAR,0,27.9
09:30:55,0.03,30.00,1.000,0.000,-1.000,,,CLEAR,0,27.9
09:30:56,0.00,30.00,1.000,0.000,-1.000,,,CLEAR,0,27.9
09:30:56,0.01,30.00,1.000,0.000,-1.000,,,CLEAR,0,27.9
09:30:56,0.01,30.00,1.000,0.000,-1.000,,,CLEAR,0,27.9
09:30:56,0.01,30.00,1.000,0.000,-1.000,,,CLEAR,0,27.6
09:30:56,0.01,30.00,1.000,0.000,-1.000,,,CLEAR,0,27.6
09:30:57,0.03,30.00,1.000,0.000,-1.000,,,CLEAR,0,27.6
09:30:57,0.01,30.00,1.000,0.000,-1.000,,,CLEAR,0,27.6
09:30:57,0.02,30.00,1.000,0.000,-1.000,,,CLEAR,0,27.6
09:30:57,0.01,30.00,1.000,0.000,-1.000,,,CLEAR,0,27.8
09:30:57,0.01,30.00,1.000,0.000,-1.000,,,CLEAR,0,27.8
09:30:57,0.01,30.00,1.000,0.000,-1.000,,,CLEAR,0,27.8
09:30:58,0.02,30.00,1.000,0.000,-1.000,,,CLEAR,0,27.8
09:30:58,0.00,30.00,1.000,0.000,-1.000,,,CLEAR,0,27.8
09:30:58,0.01,30.00,1.000,0.000,-1.000,,,CLEAR,0,27.8
09:30:58,0.01,30.00,1.000,0.000,-1.000,,,CLEAR,0,27.4
09:30:58,0.04,30.00,1.000,0.000,-1.000,,,CLEAR,0,27.4
09:30:59,0.03,30.00,1.000,0.000,-1.000,,,CLEAR,0,27.4
09:30:59,0.01,30.00,1.000,0.000,-1.000,,,CLEAR,0,27.4
09:30:59,0.00,30.00,1.000,0.000,-1.000,,,CLEAR,0,27.4
09:30:59,0.00,30.00,1.000,0.000,-1.000,,,CLEAR,0,27.4
09:30:59,0.03,30.00,1.000,0.000,-1.000,,,CLEAR,0,26.9
09:30:59,0.02,30.00,1.000,0.000,-1.000,,,CLEAR,0,26.9
09:31:00,0.01,30.00,1.000,0.000,-1.000,,,CLEAR,0,26.9
09:31:00,0.02,30.00,1.000,0.000,-1.000,,,CLEAR,0,26.9
09:31:00,0.02,30.00,1.000,0.000,-1.000,,,CLEAR,0,26.9
09:31:00,0.03,30.00,1.000,0.000,-1.000,,,CLEAR,0,27.4
09:31:00,0.03,30.00,1.000,0.000,-1.000,,,CLEAR,0,27.4
09:31:01,0.01,30.00,1.000,0.000,-1.000,,,CLEAR,0,27.4
09:31:01,0.00,30.00,1.000,0.000,-1.000,,,CLEAR,0,27.4
09:31:01,0.00,30.00,1.000,0.000,-1.000,,,CLEAR,0,27.4
09:31:01,0.01,30.00,1.000,0.000,-1.000,,,CLEAR,0,27.4
09:31:01,0.01,30.00,1.000,0.000,-1.000,,,CLEAR,0,26.7
09:31:02,0.01,30.00,1.000,0.000,-1.000,,,CLEAR,0,26.7
09:31:02,0.01,30.00,1.000,0.000,-1.000,,,CLEAR,0,26.7
09:31:02,0.01,30.00,1.000,0.000,-1.000,,,CLEAR,0,26.7
09:31:02,0.01,30.00,1.000,0.000,-1.000,,,CLEAR,0,26.7
09:31:02,0.03,30.00,1.000,0.000,-1.000,,,CLEAR,0,27.9
09:31:02,0.03,30.00,1.000,0.000,-1.000,,,CLEAR,0,27.9
09:31:03,0.01,30.00,1.000,0.000,-1.000,,,CLEAR,0,27.9
09:31:03,0.00,30.00,1.000,0.000,-1.000,,,CLEAR,0,27.9
09:31:03,0.01,30.00,1.000,0.000,-1.000,,,CLEAR,0,27.9
09:31:03,0.01,30.00,1.000,0.000,-1.000,,,CLEAR,0,27.9
09:31:03,0.00,30.00,1.000,0.000,-1.000,,,CLEAR,0,27.7
09:31:04,0.03,30.00,1.000,0.000,-1.000,,,CLEAR,0,27.7
09:31:04,0.01,30.00,1.000,0.000,-1.000,,,CLEAR,0,27.7
09:31:04,0.01,30.00,1.000,0.000,-1.000,,,CLEAR,0,27.7
09:31:04,0.01,30.00,1.000,0.000,-1.000,,,CLEAR,0,27.7
09:31:04,0.01,30.00,1.000,0.000,-1.000,,,CLEAR,0,26.3
09:31:04,0.00,30.00,1.000,0.000,-1.000,,,CLEAR,0,26.3
09:31:05,0.03,30.00,1.000,0.000,-1.000,,,CLEAR,0,26.3
09:31:05,0.01,30.00,1.000,0.000,-1.000,,,CLEAR,0,26.3
09:31:05,0.01,30.00,1.000,0.000,-1.000,,,CLEAR,0,26.3
09:31:05,0.01,30.00,1.000,0.000,-1.000,,,CLEAR,0,26.3
09:31:05,0.02,30.00,1.000,0.000,-1.000,,,CLEAR,0,27.2
09:31:06,0.01,30.00,1.000,0.000,-1.000,,,CLEAR,0,27.2
09:31:06,0.02,30.00,1.000,0.000,-1.000,,,CLEAR,0,27.2
09:31:06,0.01,30.00,1.000,0.000,-1.000,,,CLEAR,0,27.2
09:31:06,0.03,30.00,1.000,0.000,-1.000,,,CLEAR,0,27.2
09:31:06,0.00,30.00,1.000,0.000,-1.000,,,CLEAR,0,27.6
09:31:06,0.01,30.00,1.000,0.000,-1.000,,,CLEAR,0,27.6
09:31:07,0.00,30.00,1.000,0.000,-1.000,,,CLEAR,0,27.6
09:31:07,0.01,30.00,1.000,0.000,-1.000,,,CLEAR,0,27.6
09:31:07,0.01,30.00,1.000,0.000,-1.000,,,CLEAR,0,27.6
09:31:07,0.01,30.00,1.000,0.000,-1.000,,,CLEAR,0,27.6
09:31:07,0.01,30.00,1.000,0.000,-1.000,,,CLEAR,0,27.7
09:31:08,0.01,30.00,1.000,0.000,-1.000,,,CLEAR,0,27.7
09:31:08,0.01,30.00,1.000,0.000,-1.000,,,CLEAR,0,27.7
09:31:08,0.02,30.00,1.000,0.000,-1.000,,,CLEAR,0,27.7
09:31:08,0.01,30.00,1.000,0.000,-1.000,,,CLEAR,0,27.7
09:31:08,0.03,30.00,1.000,0.000,-1.000,,,CLEAR,0,26.2
09:31:08,0.01,30.00,1.000,0.000,-1.000,,,CLEAR,0,26.2
09:31:09,0.02,30.00,1.000,0.000,-1.000,,,CLEAR,0,26.2
09:31:09,0.00,30.00,1.000,0.000,-1.000,,,CLEAR,0,26.2
09:31:09,0.01,30.00,1.000,0.000,-1.000,,,CLEAR,0,26.2
09:31:09,0.00,30.00,1.000,0.000,-1.000,,,CLEAR,0,26.2
09:31:09,0.00,30.00,1.000,0.000,-1.000,,,CLEAR,0,27.5
09:31:10,0.04,30.00,1.000,0.000,-1.000,,,CLEAR,0,27.5
09:31:10,0.01,30.00,1.000,0.000,-1.000,,,CLEAR,0,27.5
09:31:10,0.00,30.00,1.000,0.000,-1.000,,,CLEAR,0,27.5
09:31:10,0.01,30.00,1.000,0.000,-1.000,,,CLEAR,0,27.5
09:31:10,0.02,30.00,1.000,0.000,-1.000,,,CLEAR,0,26.8
09:31:11,0.01,30.00,1.000,0.000,-1.000,,,CLEAR,0,26.8
09:31:11,0.01,30.00,1.000,0.000,-1.000,,,CLEAR,0,26.8
09:31:11,0.02,30.00,1.000,0.000,-1.000,,,CLEAR,0,26.8
09:31:11,0.01,30.00,1.000,0.000,-1.000,,,CLEAR,0,26.8
09:31:11,0.02,30.00,1.000,0.000,-1.000,,,CLEAR,0,26.8
09:31:11,0.01,30.00,1.000,0.000,-1.000,,,CLEAR,0,27.5
09:31:12,0.02,30.00,1.000,0.000,-1.000,,,CLEAR,0,27.5
09:31:12,0.00,30.00,1.000,0.000,-1.000,,,CLEAR,0,27.5
09:31:12,0.01,30.00,1.000,0.000,-1.000,,,CLEAR,0,27.5
09:31:12,0.01,30.00,1.000,0.000,-1.000,,,CLEAR,0,27.5
09:31:12,0.01,30.00,1.000,0.000,-1.000,,,CLEAR,0,27.5
09:31:13,0.00,30.00,1.000,0.000,-1.000,,,CLEAR,0,27.0
09:31:13,0.01,30.00,1.000,0.000,-1.000,,,CLEAR,0,27.0
09:31:13,0.01,30.00,1.000,0.000,-1.000,,,CLEAR,0,27.0
09:31:13,0.01,30.00,1.000,0.000,-1.000,,,CLEAR,0,27.0
09:31:13,0.02,30.00,1.000,0.000,-1.000,,,CLEAR,0,27.0
09:31:13,0.01,30.00,1.000,0.000,-1.000,,,CLEAR,0,27.0
09:31:14,0.00,30.00,1.000,0.000,-1.000,,,CLEAR,0,27.0
09:31:14,0.01,30.00,1.000,0.000,-1.000,,,CLEAR,0,27.0
09:31:14,0.00,30.00,1.000,0.000,-1.000,,,CLEAR,0,27.0
09:31:14,0.01,30.00,1.000,0.000,-1.000,,,CLEAR,0,27.0
09:31:14,0.00,30.00,1.000,0.000,-1.000,,,CLEAR,0,26.5
09:31:15,0.00,30.00,1.000,0.000,-1.000,,,CLEAR,0,26.5
09:31:15,0.01,30.00,1.000,0.000,-1.000,,,CLEAR,0,26.5
09:31:15,0.01,30.00,1.000,0.000,-1.000,,,CLEAR,0,26.5
09:31:15,0.00,30.00,1.000,0.000,-1.000,,,CLEAR,0,26.5
09:31:15,0.00,30.00,1.000,0.000,-1.000,,,CLEAR,0,26.5
09:31:15,0.01,30.00,1.000,0.000,-1.000,,,CLEAR,0,27.8
09:31:16,0.01,30.00,1.000,0.000,-1.000,,,CLEAR,0,27.8
09:31:16,0.01,30.00,1.000,0.000,-1.000,,,CLEAR,0,27.8
09:31:16,0.01,30.00,1.000,0.000,-1.000,,,CLEAR,0,27.8
09:31:16,0.01,30.00,1.000,0.000,-1.000,,,CLEAR,0,27.8
09:31:16,0.01,30.00,1.000,0.000,-1.000,,,CLEAR,0,25.9
09:31:17,0.01,30.00,1.000,0.000,-1.000,,,CLEAR,0,25.9
09:31:17,0.00,30.00,1.000,0.000,-1.000,,,CLEAR,0,25.9
09:31:17,0.00,30.00,1.000,0.000,-1.000,,,CLEAR,0,25.9
09:31:17,0.02,30.00,1.000,0.000,-1.000,,,CLEAR,0,25.9
09:31:17,0.00,30.00,1.000,0.000,-1.000,,,CLEAR,0,25.9
09:31:18,0.01,30.00,1.000,0.000,-1.000,,,CLEAR,0,26.5
09:31:18,0.01,30.00,1.000,0.000,-1.000,,,CLEAR,0,26.5
09:31:18,0.00,30.00,1.000,0.000,-1.000,,,CLEAR,0,26.5
09:31:18,0.01,30.00,1.000,0.000,-1.000,,,CLEAR,0,26.5
09:31:18,0.00,30.00,1.000,0.000,-1.000,,,CLEAR,0,26.5
09:31:19,0.00,30.00,1.000,0.000,-1.000,,,CLEAR,0,27.0
09:31:19,0.01,30.00,1.000,0.000,-1.000,,,CLEAR,0,27.0
09:31:19,0.02,30.00,1.000,0.000,-1.000,,,CLEAR,0,27.0
09:31:19,0.01,30.00,1.000,0.000,-1.000,,,CLEAR,0,27.0
09:31:19,0.01,30.00,1.000,0.000,-1.000,,,CLEAR,0,27.0
09:31:19,0.02,30.00,1.000,0.000,-1.000,,,CLEAR,0,27.0
09:31:20,0.01,30.00,1.000,0.000,-1.000,,,CLEAR,0,27.7
09:31:20,0.01,30.00,1.000,0.000,-1.000,,,CLEAR,0,27.7
09:31:20,0.01,30.00,1.000,0.000,-1.000,,,CLEAR,0,27.7
09:31:20,0.02,30.00,1.000,0.000,-1.000,,,CLEAR,0,27.7
09:31:20,0.01,30.00,1.000,0.000,-1.000,,,CLEAR,0,27.7
09:31:21,0.02,30.00,1.000,0.000,-1.000,,,CLEAR,0,27.0
09:31:21,0.01,30.00,1.000,0.000,-1.000,,,CLEAR,0,27.0
09:31:21,0.01,30.00,1.000,0.000,-1.000,,,CLEAR,0,27.0
09:31:21,0.02,30.00,1.000,0.000,-1.000,,,CLEAR,0,27.0
09:31:21,0.01,30.00,1.000,0.000,-1.000,,,CLEAR,0,27.0
09:31:21,0.01,30.00,1.000,0.000,-1.000,,,CLEAR,0,27.0
09:31:22,0.01,30.00,1.000,0.000,-1.000,,,CLEAR,0,27.3
09:31:22,0.01,30.00,1.000,0.000,-1.000,,,CLEAR,0,27.3
09:31:22,0.01,30.00,1.000,0.000,-1.000,,,CLEAR,0,27.3
09:31:22,0.00,30.00,1.000,0.000,-1.000,,,CLEAR,0,27.3
09:31:22,0.02,30.00,1.000,0.000,-1.000,,,CLEAR,0,27.3
09:31:23,0.01,30.00,1.000,0.000,-1.000,,,CLEAR,0,26.8
09:31:23,0.00,30.00,1.000,0.000,-1.000,,,CLEAR,0,26.8
09:31:23,0.01,30.00,1.000,0.000,-1.000,,,CLEAR,0,26.8
09:31:23,0.01,30.00,1.000,0.000,-1.000,,,CLEAR,0,26.8
09:31:23,0.02,30.00,1.000,0.000,-1.000,,,CLEAR,0,26.8
09:31:23,0.00,30.00,1.000,0.000,-1.000,,,CLEAR,0,26.8
09:31:24,0.03,30.00,1.000,0.000,-1.000,,,CLEAR,0,28.0
09:31:24,0.03,30.00,1.000,0.000,-1.000,,,CLEAR,0,28.0
09:31:24,0.02,30.00,1.000,0.000,-1.000,,,CLEAR,0,28.0
09:31:24,0.00,30.00,1.000,0.000,-1.000,,,CLEAR,0,28.0
09:31:24,0.02,30.00,1.000,0.000,-1.000,,,CLEAR,0,28.0
09:31:25,0.01,30.00,1.000,0.000,-1.000,,,CLEAR,0,28.0
09:31:25,0.03,30.00,1.000,0.000,-1.000,,,CLEAR,0,27.6
09:31:25,0.01,30.00,1.000,0.000,-1.000,,,CLEAR,0,27.6
09:31:25,0.01,30.00,1.000,0.000,-1.000,,,CLEAR,0,27.6
09:31:25,0.01,30.00,1.000,0.000,-1.000,,,CLEAR,0,27.6
09:31:25,0.01,30.00,1.000,0.000,-1.000,,,CLEAR,0,27.6
09:31:26,0.01,30.00,1.000,0.000,-1.000,,,CLEAR,0,27.9
09:31:26,0.00,30.00,1.000,0.000,-1.000,,,CLEAR,0,27.9
09:31:26,0.01,30.00,1.000,0.000,-1.000,,,CLEAR,0,27.9
09:31:26,0.02,30.00,1.000,0.000,-1.000,,,CLEAR,0,27.9
09:31:26,0.04,30.00,1.000,0.000,-1.000,,,CLEAR,0,27.9
09:31:27,0.01,30.00,1.000,0.000,-1.000,,,CLEAR,0,27.9
09:31:27,0.00,30.00,1.000,0.000,-1.000,,,CLEAR,0,27.3
09:31:27,0.01,30.00,1.000,0.000,-1.000,,,CLEAR,0,27.3
09:31:27,0.01,30.00,1.000,0.000,-1.000,,,CLEAR,0,27.3
09:31:27,0.01,30.00,1.000,0.000,-1.000,,,CLEAR,0,27.3
09:31:27,0.00,30.00,1.000,0.000,-1.000,,,CLEAR,0,27.3
09:31:28,0.01,30.00,1.000,0.000,-1.000,,,CLEAR,0,27.4
09:31:28,0.02,30.00,1.000,0.000,-1.000,,,CLEAR,0,27.4
09:31:28,0.01,30.00,1.000,0.000,-1.000,,,CLEAR,0,27.4
09:31:28,0.02,30.00,1.000,0.000,-1.000,,,CLEAR,0,27.4
09:31:28,0.01,30.00,1.000,0.000,-1.000,,,CLEAR,0,27.4
09:31:29,0.01,30.00,1.000,0.000,-1.000,,,CLEAR,0,27.4
09:31:29,0.02,30.00,1.000,0.000,-1.000,,,CLEAR,0,27.9
09:31:29,0.04,30.00,1.000,0.000,-1.000,,,CLEAR,0,27.9
09:31:29,0.01,30.00,1.000,0.000,-1.000,,,CLEAR,0,27.9
09:31:29,0.03,30.00,1.000,0.000,-1.000,,,CLEAR,0,27.9
09:31:29,0.05,30.00,1.000,0.000,-1.000,,,CLEAR,0,27.9
09:31:30,0.01,30.00,1.000,0.000,-1.000,,,CLEAR,0,27.9
09:31:30,0.01,30.00,1.000,0.000,-1.000,,,CLEAR,0,27.1
09:31:30,0.01,30.00,1.000,0.000,-1.000,,,CLEAR,0,27.1
09:31:30,0.03,30.00,1.000,0.000,-1.000,,,CLEAR,0,27.1
09:31:30,0.01,30.00,1.000,0.000,-1.000,,,CLEAR,0,27.1
09:31:31,0.01,30.00,1.000,0.000,-1.000,,,CLEAR,0,27.1
09:31:31,0.01,30.00,1.000,0.000,-1.000,,,CLEAR,0,27.2
09:31:31,0.02,30.00,1.000,0.000,-1.000,,,CLEAR,0,27.2
09:31:31,0.01,30.00,1.000,0.000,-1.000,,,CLEAR,0,27.2
09:31:31,0.01,30.00,1.000,0.000,-1.000,,,CLEAR,0,27.2
09:31:31,0.01,30.00,1.000,0.000,-1.000,,,CLEAR,0,27.2
09:31:32,0.01,30.00,1.000,0.000,-1.000,,,CLEAR,0,27.2
09:31:32,0.01,30.00,1.000,0.000,-1.000,,,CLEAR,0,27.1
09:31:32,0.00,30.00,1.000,0.000,-1.000,,,CLEAR,0,27.1
09:31:32,0.01,30.00,1.000,0.000,-1.000,,,CLEAR,0,27.1
09:31:32,0.00,30.00,1.000,0.000,-1.000,,,CLEAR,0,27.1
09:31:33,0.00,30.00,1.000,0.000,-1.000,,,CLEAR,0,27.1
09:31:33,0.02,30.00,1.000,0.000,-1.000,,,CLEAR,0,27.6
09:31:33,0.02,30.00,1.000,0.000,-1.000,,,CLEAR,0,27.6
09:31:33,0.01,30.00,1.000,0.000,-1.000,,,CLEAR,0,27.6
09:31:33,0.01,30.00,1.000,0.000,-1.000,,,CLEAR,0,27.6
09:31:33,0.01,30.00,1.000,0.000,-1.000,,,CLEAR,0,27.6
09:31:34,0.01,30.00,1.000,0.000,-1.000,,,CLEAR,0,27.6
09:31:34,0.01,30.00,1.000,0.000,-1.000,,,CLEAR,0,27.6
09:31:34,0.01,30.00,1.000,0.000,-1.000,,,CLEAR,0,27.6
09:31:34,0.01,30.00,1.000,0.000,-1.000,,,CLEAR,0,27.6
09:31:34,0.02,30.00,1.000,0.000,-1.000,,,CLEAR,0,27.6
09:31:35,0.01,30.00,1.000,0.000,-1.000,,,CLEAR,0,27.6
09:31:35,0.01,30.00,1.000,0.000,-1.000,,,CLEAR,0,27.6
09:31:35,0.01,30.00,1.000,0.000,-1.000,,,CLEAR,0,27.8
09:31:35,0.00,30.00,1.000,0.000,-1.000,,,CLEAR,0,27.8
09:31:35,0.04,30.00,1.000,0.000,-1.000,,,CLEAR,0,27.8
09:31:35,0.01,30.00,1.000,0.000,-1.000,,,CLEAR,0,27.8
09:31:36,0.01,30.00,1.000,0.000,-1.000,,,CLEAR,0,27.8
09:31:36,0.01,30.00,1.000,0.000,-1.000,,,CLEAR,0,27.9
09:31:36,0.01,30.00,1.000,0.000,-1.000,,,CLEAR,0,27.9
09:31:36,0.02,30.00,1.000,0.000,-1.000,,,CLEAR,0,27.9
09:31:36,0.02,30.00,1.000,0.000,-1.000,,,CLEAR,0,27.9
09:31:37,0.01,30.00,1.000,0.000,-1.000,,,CLEAR,0,27.9
09:31:37,0.00,30.00,1.000,0.000,-1.000,,,CLEAR,0,27.9
09:31:37,0.00,30.00,1.000,0.000,-1.000,,,CLEAR,0,27.9
09:31:37,0.03,30.00,1.000,0.000,-1.000,,,CLEAR,0,27.9
09:31:37,0.01,30.00,1.000,0.000,-1.000,,,CLEAR,0,27.9
09:31:37,0.00,30.00,1.000,0.000,-1.000,,,CLEAR,0,27.9
09:31:38,0.00,30.00,1.000,0.000,-1.000,,,CLEAR,0,27.9
09:31:38,0.01,30.00,1.000,0.000,-1.000,,,CLEAR,0,27.2
09:31:38,0.01,30.00,1.000,0.000,-1.000,,,CLEAR,0,27.2
09:31:38,0.00,30.00,1.000,0.000,-1.000,,,CLEAR,0,27.2
09:31:38,0.02,30.00,1.000,0.000,-1.000,,,CLEAR,0,27.2
09:31:38,0.01,30.00,1.000,0.000,-1.000,,,CLEAR,0,27.2
09:31:39,0.02,30.00,1.000,0.000,-1.000,,,CLEAR,0,27.2
09:31:39,0.01,30.00,1.000,0.000,-1.000,,,CLEAR,0,28.0
09:31:39,0.01,30.00,1.000,0.000,-1.000,,,CLEAR,0,28.0
09:31:39,0.00,30.00,1.000,0.000,-1.000,,,CLEAR,0,28.0
09:31:39,0.01,30.00,1.000,0.000,-1.000,,,CLEAR,0,28.0
09:31:40,0.01,30.00,1.000,0.000,-1.000,,,CLEAR,0,28.0
09:31:40,0.01,30.00,1.000,0.000,-1.000,,,CLEAR,0,28.0
09:31:40,0.03,30.00,1.000,0.000,-1.000,,,CLEAR,0,27.6
09:31:40,0.00,30.00,1.000,0.000,-1.000,,,CLEAR,0,27.6
09:31:40,0.00,30.00,1.000,0.000,-1.000,,,CLEAR,0,27.6
09:31:41,0.02,30.00,1.000,0.000,-1.000,,,CLEAR,0,27.6
09:31:41,0.01,30.00,1.000,0.000,-1.000,,,CLEAR,0,27.6
09:31:41,0.00,30.00,1.000,0.000,-1.000,,,CLEAR,0,27.1
09:31:41,0.00,30.00,1.000,0.000,-1.000,,,CLEAR,0,27.1
09:31:41,0.01,30.00,1.000,0.000,-1.000,,,CLEAR,0,27.1
09:31:41,0.00,30.00,1.000,0.000,-1.000,,,CLEAR,0,27.1
09:31:42,0.01,30.00,1.000,0.000,-1.000,,,CLEAR,0,27.1
09:31:42,0.02,30.00,1.000,0.000,-1.000,,,CLEAR,0,27.1
09:31:42,0.03,30.00,1.000,0.000,-1.000,,,CLEAR,0,27.3
09:31:42,0.04,30.00,1.000,0.000,-1.000,,,CLEAR,0,27.3
09:31:42,0.02,30.00,1.000,0.000,-1.000,,,CLEAR,0,27.3
09:31:43,0.01,30.00,1.000,0.000,-1.000,,,CLEAR,0,27.3
09:31:43,0.00,30.00,1.000,0.000,-1.000,,,CLEAR,0,27.3
09:31:43,0.01,30.00,1.000,0.000,-1.000,,,CLEAR,0,27.3
09:31:43,0.03,30.00,1.000,0.000,-1.000,,,CLEAR,0,27.3
09:31:43,0.05,30.00,1.000,0.000,-1.000,,,CLEAR,0,27.3
09:31:43,0.01,30.00,1.000,0.000,-1.000,,,CLEAR,0,27.3
09:31:44,0.01,30.00,1.000,0.000,-1.000,,,CLEAR,0,27.3
09:31:44,0.01,30.00,1.000,0.000,-1.000,,,CLEAR,0,27.3
09:31:44,0.01,30.00,1.000,0.000,-1.000,,,CLEAR,0,27.6
09:31:44,0.01,30.00,1.000,0.000,-1.000,,,CLEAR,0,27.6
09:31:44,0.01,30.00,1.000,0.000,-1.000,,,CLEAR,0,27.6
09:31:45,0.01,30.00,1.000,0.000,-1.000,,,CLEAR,0,27.6
09:31:45,0.01,30.00,1.000,0.000,-1.000,,,CLEAR,0,27.6
09:31:45,0.02,30.00,1.000,0.000,-1.000,,,CLEAR,0,27.6
09:31:45,0.04,30.00,1.000,0.000,-1.000,,,CLEAR,0,27.6
09:31:45,0.02,30.00,1.000,0.000,-1.000,,,CLEAR,0,27.6
09:31:45,0.01,30.00,1.000,0.000,-1.000,,,CLEAR,0,27.6
09:31:46,0.00,30.00,1.000,0.000,-1.000,,,CLEAR,0,27.6
09:31:46,0.02,30.00,1.000,0.000,-1.000,,,CLEAR,0,27.6
09:31:46,0.01,30.00,1.000,0.000,-1.000,,,CLEAR,0,27.5
09:31:46,0.01,30.00,1.000,0.000,-1.000,,,CLEAR,0,27.5
09:31:46,0.02,30.00,1.000,0.000,-1.000,,,CLEAR,0,27.5
09:31:47,0.01,30.00,1.000,0.000,-1.000,,,CLEAR,0,27.5
09:31:47,0.01,30.00,1.000,0.000,-1.000,,,CLEAR,0,27.5
09:31:47,0.01,30.00,1.000,0.000,-1.000,,,CLEAR,0,27.5
09:31:47,0.01,30.00,1.000,0.000,-1.000,,,CLEAR,0,27.8
09:31:47,0.01,30.00,1.000,0.000,-1.000,,,CLEAR,0,27.8
09:31:47,0.02,30.00,1.000,0.000,-1.000,,,CLEAR,0,27.8
09:31:48,0.01,30.00,1.000,0.000,-1.000,,,CLEAR,0,27.8
09:31:48,0.02,30.00,1.000,0.000,-1.000,,,CLEAR,0,27.8
09:31:48,0.00,30.00,1.000,0.000,-1.000,,,CLEAR,0,27.2
09:31:48,0.01,30.00,1.000,0.000,-1.000,,,CLEAR,0,27.2
09:31:48,0.01,30.00,1.000,0.000,-1.000,,,CLEAR,0,27.2
09:31:49,0.01,30.00,1.000,0.000,-1.000,,,CLEAR,0,27.2
09:31:49,0.01,30.00,1.000,0.000,-1.000,,,CLEAR,0,27.2
09:31:49,0.00,30.00,1.000,0.000,-1.000,,,CLEAR,0,27.2
09:31:49,0.02,30.00,1.000,0.000,-1.000,,,CLEAR,0,27.6
09:31:49,0.00,30.00,1.000,0.000,-1.000,,,CLEAR,0,27.6
09:31:49,0.00,30.00,1.000,0.000,-1.000,,,CLEAR,0,27.6
09:31:50,0.00,30.00,1.000,0.000,-1.000,,,CLEAR,0,27.6
09:31:50,0.01,30.00,1.000,0.000,-1.000,,,CLEAR,0,27.6
09:31:50,0.01,30.00,1.000,0.000,-1.000,,,CLEAR,0,27.6
09:31:50,0.01,30.00,1.000,0.000,-1.000,,,CLEAR,0,27.1
09:31:50,0.01,30.00,1.000,0.000,-1.000,,,CLEAR,0,27.1
09:31:51,0.01,30.00,1.000,0.000,-1.000,,,CLEAR,0,27.1
09:31:51,0.01,30.00,1.000,0.000,-1.000,,,CLEAR,0,27.1
09:31:51,0.02,30.00,1.000,0.000,-1.000,,,CLEAR,0,27.1
09:31:51,0.01,30.00,1.000,0.000,-1.000,,,CLEAR,0,27.8
09:31:51,0.01,30.00,1.000,0.000,-1.000,,,CLEAR,0,27.8
09:31:51,0.01,30.00,1.000,0.000,-1.000,,,CLEAR,0,27.8
09:31:52,0.02,30.00,1.000,0.000,-1.000,,,CLEAR,0,27.8
09:31:52,0.03,30.00,1.000,0.000,-1.000,,,CLEAR,0,27.8
09:31:52,0.00,30.00,1.000,0.000,-1.000,,,CLEAR,0,27.8
09:31:52,0.01,30.00,1.000,0.000,-1.000,,,CLEAR,0,27.4
09:31:52,0.01,30.00,1.000,0.000,-1.000,,,CLEAR,0,27.4
09:31:53,0.01,30.00,1.000,0.000,-1.000,,,CLEAR,0,27.4
09:31:53,0.01,30.00,1.000,0.000,-1.000,,,CLEAR,0,27.4
09:31:53,0.01,30.00,1.000,0.000,-1.000,,,CLEAR,0,27.4
09:31:53,0.01,30.00,1.000,0.000,-1.000,,,CLEAR,0,27.7
09:31:53,0.01,30.00,1.000,0.000,-1.000,,,CLEAR,0,27.7
09:31:53,0.01,30.00,1.000,0.000,-1.000,,,CLEAR,0,27.7
09:31:54,0.00,30.00,1.000,0.000,-1.000,,,CLEAR,0,27.7
09:31:54,0.01,30.00,1.000,0.000,-1.000,,,CLEAR,0,27.7
09:31:54,0.02,30.00,1.000,0.000,-1.000,,,CLEAR,0,27.7
09:31:54,0.00,30.00,1.000,0.000,-1.000,,,CLEAR,0,27.6
09:31:54,0.01,30.00,1.000,0.000,-1.000,,,CLEAR,0,27.6
09:31:55,0.01,30.00,1.000,0.000,-1.000,,,CLEAR,0,27.6
09:31:55,0.00,30.00,1.000,0.000,-1.000,,,CLEAR,0,27.6
09:31:55,0.01,30.00,1.000,0.000,-1.000,,,CLEAR,0,27.6
09:31:55,0.00,30.00,1.000,0.000,-1.000,,,CLEAR,0,27.6
09:31:55,0.01,30.00,1.000,0.000,-1.000,,,CLEAR,0,27.1
09:31:55,0.01,30.00,1.000,0.000,-1.000,,,CLEAR,0,27.1
09:31:56,0.03,30.00,1.000,0.000,-1.000,,,CLEAR,0,27.1
09:31:56,0.01,30.00,1.000,0.000,-1.000,,,CLEAR,0,27.1
09:31:56,0.02,30.00,1.000,0.000,-1.000,,,CLEAR,0,27.1
09:31:56,0.01,30.00,1.000,0.000,-1.000,,,CLEAR,0,26.6
09:31:56,0.01,30.00,1.000,0.000,-1.000,,,CLEAR,0,26.6
09:31:57,0.01,30.00,1.000,0.000,-1.000,,,CLEAR,0,26.6
09:31:57,0.02,30.00,1.000,0.000,-1.000,,,CLEAR,0,26.6
09:31:57,0.00,30.00,1.000,0.000,-1.000,,,CLEAR,0,26.6
09:31:57,0.01,30.00,1.000,0.000,-1.000,,,CLEAR,0,26.6
09:31:57,0.00,30.00,1.000,0.000,-1.000,,,CLEAR,0,26.6
09:31:57,0.00,30.00,1.000,0.000,-1.000,,,CLEAR,0,26.6
09:31:58,0.01,30.00,1.000,0.000,-1.000,,,CLEAR,0,26.6
09:31:58,0.00,30.00,1.000,0.000,-1.000,,,CLEAR,0,26.6
09:31:58,0.02,30.00,1.000,0.000,-1.000,,,CLEAR,0,26.6
09:31:58,0.01,30.00,1.000,0.000,-1.000,,,CLEAR,0,27.6
09:31:58,0.00,30.00,1.000,0.000,-1.000,,,CLEAR,0,27.6
09:31:59,0.01,30.00,1.000,0.000,-1.000,,,CLEAR,0,27.6
09:31:59,0.01,30.00,1.000,0.000,-1.000,,,CLEAR,0,27.6
09:31:59,0.02,30.00,1.000,0.000,-1.000,,,CLEAR,0,27.6
09:31:59,0.01,30.00,1.000,0.000,-1.000,,,CLEAR,0,27.6
09:31:59,0.02,30.00,1.000,0.000,-1.000,,,CLEAR,0,27.1
09:32:00,0.01,30.00,1.000,0.000,-1.000,,,CLEAR,0,27.1
09:32:00,0.01,30.00,1.000,0.000,-1.000,,,CLEAR,0,27.1
09:32:00,0.04,30.00,1.000,0.000,-1.000,,,CLEAR,0,27.1
09:32:00,0.00,30.00,1.000,0.000,-1.000,,,CLEAR,0,27.1
09:32:00,0.02,30.00,1.000,0.000,-1.000,,,CLEAR,0,27.4
09:32:00,0.00,30.00,1.000,0.000,-1.000,,,CLEAR,0,27.4
09:32:01,0.01,30.00,1.000,0.000,-1.000,,,CLEAR,0,27.4
09:32:01,0.01,30.00,1.000,0.000,-1.000,,,CLEAR,0,27.4
09:32:01,0.02,30.00,1.000,0.000,-1.000,,,CLEAR,0,27.4
09:32:01,0.01,30.00,1.000,0.000,-1.000,,,CLEAR,0,27.4
09:32:01,0.00,30.00,1.000,0.000,-1.000,,,CLEAR,0,27.5
09:32:02,0.01,30.00,1.000,0.000,-1.000,,,CLEAR,0,27.5
09:32:02,0.00,30.00,1.000,0.000,-1.000,,,CLEAR,0,27.5
09:32:02,0.01,30.00,1.000,0.000,-1.000,,,CLEAR,0,27.5
09:32:02,0.01,30.00,1.000,0.000,-1.000,,,CLEAR,0,27.5
09:32:02,0.01,30.00,1.000,0.000,-1.000,,,CLEAR,0,25.5
09:32:02,0.01,30.00,1.000,0.000,-1.000,,,CLEAR,0,25.5
09:32:03,0.01,30.00,1.000,0.000,-1.000,,,CLEAR,0,25.5
09:32:03,0.01,30.00,1.000,0.000,-1.000,,,CLEAR,0,25.5
09:32:03,0.03,30.00,1.000,0.000,-1.000,,,CLEAR,0,25.5
09:32:03,0.02,30.00,1.000,0.000,-1.000,,,CLEAR,0,27.0
09:32:03,0.01,30.00,1.000,0.000,-1.000,,,CLEAR,0,27.0
09:32:04,0.01,30.00,1.000,0.000,-1.000,,,CLEAR,0,27.0
09:32:04,0.00,30.00,1.000,0.000,-1.000,,,CLEAR,0,27.0
09:32:04,0.02,30.00,1.000,0.000,-1.000,,,CLEAR,0,27.0
09:32:04,0.02,30.00,1.000,0.000,-1.000,,,CLEAR,0,27.0
09:32:04,0.01,30.00,1.000,0.000,-1.000,,,CLEAR,0,27.2
09:32:05,0.02,30.00,1.000,0.000,-1.000,,,CLEAR,0,27.2
09:32:05,0.00,30.00,1.000,0.000,-1.000,,,CLEAR,0,27.2
09:32:05,0.01,30.00,1.000,0.000,-1.000,,,CLEAR,0,27.2
09:32:05,0.04,30.00,1.000,0.000,-1.000,,,CLEAR,0,27.2
09:32:05,0.02,30.00,1.000,0.000,-1.000,,,CLEAR,0,27.2
09:32:05,0.01,30.00,1.000,0.000,-1.000,,,CLEAR,0,27.1
09:32:06,0.02,30.00,1.000,0.000,-1.000,,,CLEAR,0,27.1
09:32:06,0.02,30.00,1.000,0.000,-1.000,,,CLEAR,0,27.1
09:32:06,0.02,30.00,1.000,0.000,-1.000,,,CLEAR,0,27.1
09:32:06,0.03,30.00,1.000,0.000,-1.000,,,CLEAR,0,27.1
09:32:06,0.01,30.00,1.000,0.000,-1.000,,,CLEAR,0,26.9
09:32:07,0.01,30.00,1.000,0.000,-1.000,,,CLEAR,0,26.9
09:32:07,0.02,30.00,1.000,0.000,-1.000,,,CLEAR,0,26.9
09:32:07,0.01,30.00,1.000,0.000,-1.000,,,CLEAR,0,26.9
09:32:07,0.02,30.00,1.000,0.000,-1.000,,,CLEAR,0,26.9
09:32:07,0.03,30.00,1.000,0.000,-1.000,,,CLEAR,0,26.9
09:32:07,0.01,30.00,1.000,0.000,-1.000,,,CLEAR,0,27.0
09:32:08,0.02,30.00,1.000,0.000,-1.000,,,CLEAR,0,27.0
09:32:08,0.02,30.00,1.000,0.000,-1.000,,,CLEAR,0,27.0
09:32:08,0.00,30.00,1.000,0.000,-1.000,,,CLEAR,0,27.0
09:32:08,0.00,30.00,1.000,0.000,-1.000,,,CLEAR,0,27.0
09:32:08,0.01,30.00,1.000,0.000,-1.000,,,CLEAR,0,27.7
09:32:09,0.02,30.00,1.000,0.000,-1.000,,,CLEAR,0,27.7
09:32:09,0.00,30.00,1.000,0.000,-1.000,,,CLEAR,0,27.7
09:32:09,0.01,30.00,1.000,0.000,-1.000,,,CLEAR,0,27.7
09:32:09,0.01,30.00,1.000,0.000,-1.000,,,CLEAR,0,27.7
09:32:09,0.01,30.00,1.000,0.000,-1.000,,,CLEAR,0,27.7
09:32:09,0.00,30.00,1.000,0.000,-1.000,,,CLEAR,0,27.6
09:32:10,0.01,30.00,1.000,0.000,-1.000,,,CLEAR,0,27.6
09:32:10,0.01,30.00,1.000,0.000,-1.000,,,CLEAR,0,27.6
09:32:10,0.01,30.00,1.000,0.000,-1.000,,,CLEAR,0,27.6
09:32:10,0.00,30.00,1.000,0.000,-1.000,,,CLEAR,0,27.6
09:32:10,0.01,30.00,1.000,0.000,-1.000,,,CLEAR,0,27.2
09:32:11,0.01,30.00,1.000,0.000,-1.000,,,CLEAR,0,27.2
09:32:11,0.01,30.00,1.000,0.000,-1.000,,,CLEAR,0,27.2
09:32:11,0.04,30.00,1.000,0.000,-1.000,,,CLEAR,0,27.2
09:32:11,0.01,30.00,1.000,0.000,-1.000,,,CLEAR,0,27.2
09:32:11,0.01,30.00,1.000,0.000,-1.000,,,CLEAR,0,27.2
09:32:12,0.00,30.00,1.000,0.000,-1.000,,,CLEAR,0,27.2
09:32:12,0.02,30.00,1.000,0.000,-1.000,,,CLEAR,0,27.2
09:32:12,0.02,30.00,1.000,0.000,-1.000,,,CLEAR,0,27.2
09:32:12,0.01,30.00,1.000,0.000,-1.000,,,CLEAR,0,27.2
09:32:12,0.01,30.00,1.000,0.000,-1.000,,,CLEAR,0,27.2
09:32:12,0.01,30.00,1.000,0.000,-1.000,,,CLEAR,0,25.7
09:32:13,0.00,30.00,1.000,0.000,-1.000,,,CLEAR,0,25.7
09:32:13,0.02,30.00,1.000,0.000,-1.000,,,CLEAR,0,25.7
09:32:13,0.03,30.00,1.000,0.000,-1.000,,,CLEAR,0,25.7
09:32:13,0.01,30.00,1.000,0.000,-1.000,,,CLEAR,0,25.7
09:32:13,0.00,30.00,1.000,0.000,-1.000,,,CLEAR,0,25.7
09:32:14,0.00,30.00,1.000,0.000,-1.000,,,CLEAR,0,27.9
09:32:14,0.00,30.00,1.000,0.000,-1.000,,,CLEAR,0,27.9
09:32:14,0.01,30.00,1.000,0.000,-1.000,,,CLEAR,0,27.9
09:32:14,0.03,30.00,1.000,0.000,-1.000,,,CLEAR,0,27.9
09:32:14,0.01,30.00,1.000,0.000,-1.000,,,CLEAR,0,27.9
09:32:14,0.00,30.00,1.000,0.000,-1.000,,,CLEAR,0,27.1
09:32:15,0.02,30.00,1.000,0.000,-1.000,,,CLEAR,0,27.1
09:32:15,0.03,30.00,1.000,0.000,-1.000,,,CLEAR,0,27.1
09:32:15,0.01,30.00,1.000,0.000,-1.000,,,CLEAR,0,27.1
09:32:15,0.02,30.00,1.000,0.000,-1.000,,,CLEAR,0,27.1
09:32:15,0.00,30.00,1.000,0.000,-1.000,,,CLEAR,0,27.1
09:32:16,0.01,30.00,1.000,0.000,-1.000,,,CLEAR,0,27.4
09:32:16,0.01,30.00,1.000,0.000,-1.000,,,CLEAR,0,27.4
09:32:16,0.01,30.00,1.000,0.000,-1.000,,,CLEAR,0,27.4
09:32:16,0.01,30.00,1.000,0.000,-1.000,,,CLEAR,0,27.4
09:32:16,0.01,30.00,1.000,0.000,-1.000,,,CLEAR,0,27.4
09:32:17,0.04,30.00,1.000,0.000,-1.000,,,CLEAR,0,26.7
09:32:17,0.00,30.00,1.000,0.000,-1.000,,,CLEAR,0,26.7
09:32:17,0.01,30.00,1.000,0.000,-1.000,,,CLEAR,0,26.7
09:32:17,0.00,30.00,1.000,0.000,-1.000,,,CLEAR,0,26.7
09:32:17,0.00,30.00,1.000,0.000,-1.000,,,CLEAR,0,26.7
09:32:17,0.02,30.00,1.000,0.000,-1.000,,,CLEAR,0,26.7
09:32:18,0.03,30.00,1.000,0.000,-1.000,,,CLEAR,0,27.3
09:32:18,0.00,30.00,1.000,0.000,-1.000,,,CLEAR,0,27.3
09:32:18,0.02,30.00,1.000,0.000,-1.000,,,CLEAR,0,27.3
09:32:18,0.00,30.00,1.000,0.000,-1.000,,,CLEAR,0,27.3
09:32:18,0.02,30.00,1.000,0.000,-1.000,,,CLEAR,0,27.3
09:32:19,0.03,30.00,1.000,0.000,-1.000,,,CLEAR,0,26.6
09:32:19,0.00,30.00,1.000,0.000,-1.000,,,CLEAR,0,26.6
09:32:19,0.02,30.00,1.000,0.000,-1.000,,,CLEAR,0,26.6
09:32:19,0.02,30.00,1.000,0.000,-1.000,,,CLEAR,0,26.6
09:32:19,0.01,30.00,1.000,0.000,-1.000,,,CLEAR,0,26.6
09:32:19,0.02,30.00,1.000,0.000,-1.000,,,CLEAR,0,26.6
09:32:20,0.03,30.00,1.000,0.000,-1.000,,,CLEAR,0,27.7
09:32:20,0.01,30.00,1.000,0.000,-1.000,,,CLEAR,0,27.7
09:32:20,0.01,30.00,1.000,0.000,-1.000,,,CLEAR,0,27.7
09:32:20,0.02,30.00,1.000,0.000,-1.000,,,CLEAR,0,27.7
09:32:20,0.02,30.00,1.000,0.000,-1.000,,,CLEAR,0,27.7
09:32:21,0.01,30.00,1.000,0.000,-1.000,,,CLEAR,0,27.7
09:32:21,0.01,30.00,1.000,0.000,-1.000,,,CLEAR,0,27.7
09:32:21,0.02,30.00,1.000,0.000,-1.000,,,CLEAR,0,27.7
09:32:21,0.02,30.00,1.000,0.000,-1.000,,,CLEAR,0,27.7
09:32:21,0.00,30.00,1.000,0.000,-1.000,,,CLEAR,0,27.7
09:32:21,0.00,30.00,1.000,0.000,-1.000,,,CLEAR,0,27.7
09:32:22,0.01,30.00,1.000,0.000,-1.000,,,CLEAR,0,26.8
09:32:22,0.01,30.00,1.000,0.000,-1.000,,,CLEAR,0,26.8
09:32:22,0.01,30.00,1.000,0.000,-1.000,,,CLEAR,0,26.8
09:32:22,0.00,30.00,1.000,0.000,-1.000,,,CLEAR,0,26.8
09:32:22,0.01,30.00,1.000,0.000,-1.000,,,CLEAR,0,26.8
09:32:23,0.00,30.00,1.000,0.000,-1.000,,,CLEAR,0,26.8
09:32:23,0.03,30.00,1.000,0.000,-1.000,,,CLEAR,0,28.0
09:32:23,0.02,30.00,1.000,0.000,-1.000,,,CLEAR,0,28.0
09:32:23,0.01,30.00,1.000,0.000,-1.000,,,CLEAR,0,28.0
09:32:23,0.01,30.00,1.000,0.000,-1.000,,,CLEAR,0,28.0
09:32:23,0.01,30.00,1.000,0.000,-1.000,,,CLEAR,0,28.0
09:32:24,0.00,30.00,1.000,0.000,-1.000,,,CLEAR,0,27.0
09:32:24,0.00,30.00,1.000,0.000,-1.000,,,CLEAR,0,27.0
09:32:24,0.03,30.00,1.000,0.000,-1.000,,,CLEAR,0,27.0
09:32:24,0.02,30.00,1.000,0.000,-1.000,,,CLEAR,0,27.0
09:32:24,0.01,30.00,1.000,0.000,-1.000,,,CLEAR,0,27.0
09:32:25,0.00,30.00,1.000,0.000,-1.000,,,CLEAR,0,26.7
09:32:25,0.01,30.00,1.000,0.000,-1.000,,,CLEAR,0,26.7
09:32:25,0.01,30.00,1.000,0.000,-1.000,,,CLEAR,0,26.7
09:32:25,0.03,30.00,1.000,0.000,-1.000,,,CLEAR,0,26.7
09:32:25,0.03,30.00,1.000,0.000,-1.000,,,CLEAR,0,26.7
09:32:26,0.01,30.00,1.000,0.000,-1.000,,,CLEAR,0,26.7
09:32:26,0.01,30.00,1.000,0.000,-1.000,,,CLEAR,0,27.6
09:32:26,0.00,30.00,1.000,0.000,-1.000,,,CLEAR,0,27.6
09:32:26,0.01,30.00,1.000,0.000,-1.000,,,CLEAR,0,27.6
09:32:26,0.00,30.00,1.000,0.000,-1.000,,,CLEAR,0,27.6
09:32:26,0.02,30.00,1.000,0.000,-1.000,,,CLEAR,0,27.6
09:32:27,0.01,30.00,1.000,0.000,-1.000,,,CLEAR,0,27.6
09:32:27,0.01,30.00,1.000,0.000,-1.000,,,CLEAR,0,27.8
09:32:27,0.03,30.00,1.000,0.000,-1.000,,,CLEAR,0,27.8
09:32:27,0.01,30.00,1.000,0.000,-1.000,,,CLEAR,0,27.8
09:32:27,0.01,30.00,1.000,0.000,-1.000,,,CLEAR,0,27.8
09:32:27,0.00,30.00,1.000,0.000,-1.000,,,CLEAR,0,27.8
09:32:28,0.01,30.00,1.000,0.000,-1.000,,,CLEAR,0,27.9
09:32:28,0.02,30.00,1.000,0.000,-1.000,,,CLEAR,0,27.9
09:32:28,0.01,30.00,1.000,0.000,-1.000,,,CLEAR,0,27.9
09:32:28,0.01,30.00,1.000,0.000,-1.000,,,CLEAR,0,27.9
09:32:28,0.01,30.00,1.000,0.000,-1.000,,,CLEAR,0,27.9
09:32:29,0.00,30.00,1.000,0.000,-1.000,,,CLEAR,0,27.9
09:32:29,0.00,30.00,1.000,0.000,-1.000,,,CLEAR,0,27.2
09:32:29,0.01,30.00,1.000,0.000,-1.000,,,CLEAR,0,27.2
09:32:29,0.01,30.00,1.000,0.000,-1.000,,,CLEAR,0,27.2
09:32:29,0.02,30.00,1.000,0.000,-1.000,,,CLEAR,0,27.2
09:32:30,0.00,30.00,1.000,0.000,-1.000,,,CLEAR,0,27.2
09:32:30,0.00,30.00,1.000,0.000,-1.000,,,CLEAR,0,26.6
09:32:30,0.01,30.00,1.000,0.000,-1.000,,,CLEAR,0,26.6
09:32:30,0.01,30.00,1.000,0.000,-1.000,,,CLEAR,0,26.6
09:32:30,0.01,30.00,1.000,0.000,-1.000,,,CLEAR,0,26.6
09:32:30,0.00,30.00,1.000,0.000,-1.000,,,CLEAR,0,26.6
09:32:31,0.00,30.00,1.000,0.000,-1.000,,,CLEAR,0,26.6
09:32:31,0.01,30.00,1.000,0.000,-1.000,,,CLEAR,0,26.6
09:32:31,0.01,30.00,1.000,0.000,-1.000,,,CLEAR,0,26.6
09:32:31,0.03,30.00,1.000,0.000,-1.000,,,CLEAR,0,26.6
09:32:31,0.00,30.00,1.000,0.000,-1.000,,,CLEAR,0,26.6
09:32:32,0.01,30.00,1.000,0.000,-1.000,,,CLEAR,0,26.6
09:32:32,0.01,30.00,1.000,0.000,-1.000,,,CLEAR,0,27.5
09:32:32,0.00,30.00,1.000,0.000,-1.000,,,CLEAR,0,27.5
09:32:32,0.00,30.00,1.000,0.000,-1.000,,,CLEAR,0,27.5
09:32:32,0.03,30.00,1.000,0.000,-1.000,,,CLEAR,0,27.5
09:32:32,0.01,30.00,1.000,0.000,-1.000,,,CLEAR,0,27.5
09:32:33,0.01,30.00,1.000,0.000,-1.000,,,CLEAR,0,27.5
09:32:33,0.00,30.00,1.000,0.000,-1.000,,,CLEAR,0,27.8
09:32:33,0.02,30.00,1.000,0.000,-1.000,,,CLEAR,0,27.8
09:32:33,0.01,30.00,1.000,0.000,-1.000,,,CLEAR,0,27.8
09:32:33,0.00,30.00,1.000,0.000,-1.000,,,CLEAR,0,27.8
09:32:34,0.01,30.00,1.000,0.000,-1.000,,,CLEAR,0,27.8
09:32:34,0.03,30.00,1.000,0.000,-1.000,,,CLEAR,0,27.2
09:32:34,0.01,30.00,1.000,0.000,-1.000,,,CLEAR,0,27.2
09:32:34,0.01,30.00,1.000,0.000,-1.000,,,CLEAR,0,27.2
09:32:34,0.00,30.00,1.000,0.000,-1.000,,,CLEAR,0,27.2
09:32:34,0.05,30.00,1.000,0.000,-1.000,,,CLEAR,0,27.2
09:32:35,0.01,30.00,1.000,0.000,-1.000,,,CLEAR,0,27.2
09:32:35,0.01,30.00,1.000,0.000,-1.000,,,CLEAR,0,27.5
09:32:35,0.00,30.00,1.000,0.000,-1.000,,,CLEAR,0,27.5
09:32:35,0.01,30.00,1.000,0.000,-1.000,,,CLEAR,0,27.5
09:32:35,0.01,30.00,1.000,0.000,-1.000,,,CLEAR,0,27.5
09:32:36,0.01,30.00,1.000,0.000,-1.000,,,CLEAR,0,27.5
09:32:36,0.01,30.00,1.000,0.000,-1.000,,,CLEAR,0,27.5
09:32:36,0.01,30.00,1.000,0.000,-1.000,,,CLEAR,0,27.8
09:32:36,0.02,30.00,1.000,0.000,-1.000,,,CLEAR,0,27.8
09:32:36,0.05,30.00,1.000,0.000,-1.000,,,CLEAR,0,27.8
09:32:36,0.01,30.00,1.000,0.000,-1.000,,,CLEAR,0,27.8
09:32:37,0.01,30.00,1.000,0.000,-1.000,,,CLEAR,0,27.8
09:32:37,0.00,30.00,1.000,0.000,-1.000,,,CLEAR,0,27.3
09:32:37,0.01,30.00,1.000,0.000,-1.000,,,CLEAR,0,27.3
09:32:37,0.01,30.00,1.000,0.000,-1.000,,,CLEAR,0,27.3
09:32:37,0.00,30.00,1.000,0.000,-1.000,,,CLEAR,0,27.3
09:32:38,0.01,30.00,1.000,0.000,-1.000,,,CLEAR,0,27.3
09:32:38,0.01,30.00,1.000,0.000,-1.000,,,CLEAR,0,27.3
09:32:38,0.02,30.00,1.000,0.000,-1.000,,,CLEAR,0,27.1
09:32:38,0.00,30.00,1.000,0.000,-1.000,,,CLEAR,0,27.1
09:32:38,0.01,30.00,1.000,0.000,-1.000,,,CLEAR,0,27.1
09:32:38,0.00,30.00,1.000,0.000,-1.000,,,CLEAR,0,27.1
09:32:39,0.00,30.00,1.000,0.000,-1.000,,,CLEAR,0,27.1
09:32:39,0.00,30.00,1.000,0.000,-1.000,,,CLEAR,0,27.5
09:32:39,0.01,30.00,1.000,0.000,-1.000,,,CLEAR,0,27.5
09:32:39,0.03,30.00,1.000,0.000,-1.000,,,CLEAR,0,27.5
09:32:39,0.01,30.00,1.000,0.000,-1.000,,,CLEAR,0,27.5
09:32:40,0.02,30.00,1.000,0.000,-1.000,,,CLEAR,0,27.5
09:32:40,0.01,30.00,1.000,0.000,-1.000,,,CLEAR,0,27.5
09:32:40,0.01,30.00,1.000,0.000,-1.000,,,CLEAR,0,26.9
09:32:40,0.01,30.00,1.000,0.000,-1.000,,,CLEAR,0,26.9
09:32:40,0.01,30.00,1.000,0.000,-1.000,,,CLEAR,0,26.9
09:32:40,0.01,30.00,1.000,0.000,-1.000,,,CLEAR,0,26.9
09:32:41,0.02,30.00,1.000,0.000,-1.000,,,CLEAR,0,26.9
09:32:41,0.01,30.00,1.000,0.000,-1.000,,,CLEAR,0,27.5
09:32:41,0.01,30.00,1.000,0.000,-1.000,,,CLEAR,0,27.5
09:32:41,0.00,30.00,1.000,0.000,-1.000,,,CLEAR,0,27.5
09:32:41,0.00,30.00,1.000,0.000,-1.000,,,CLEAR,0,27.5
09:32:42,0.02,30.00,1.000,0.000,-1.000,,,CLEAR,0,27.5
09:32:42,0.01,30.00,1.000,0.000,-1.000,,,CLEAR,0,27.5
09:32:42,0.01,30.00,1.000,0.000,-1.000,,,CLEAR,0,27.5
09:32:42,0.02,30.00,1.000,0.000,-1.000,,,CLEAR,0,27.5
09:32:42,0.01,30.00,1.000,0.000,-1.000,,,CLEAR,0,27.5
09:32:42,0.00,30.00,1.000,0.000,-1.000,,,CLEAR,0,27.5
09:32:43,0.00,30.00,1.000,0.000,-1.000,,,CLEAR,0,27.5
09:32:43,0.01,30.00,1.000,0.000,-1.000,,,CLEAR,0,27.5
09:32:43,0.01,30.00,1.000,0.000,-1.000,,,CLEAR,0,28.0
09:32:43,0.03,30.00,1.000,0.000,-1.000,,,CLEAR,0,28.0
09:32:43,0.03,30.00,1.000,0.000,-1.000,,,CLEAR,0,28.0
09:32:44,0.01,30.00,1.000,0.000,-1.000,,,CLEAR,0,28.0
09:32:44,0.01,30.00,1.000,0.000,-1.000,,,CLEAR,0,28.0
09:32:44,0.03,30.00,1.000,0.000,-1.000,,,CLEAR,0,28.0
09:32:44,0.01,30.00,1.000,0.000,-1.000,,,CLEAR,0,28.0
09:32:44,0.02,30.00,1.000,0.000,-1.000,,,CLEAR,0,28.0
09:32:44,0.00,30.00,1.000,0.000,-1.000,,,CLEAR,0,28.0
09:32:45,0.01,30.00,1.000,0.000,-1.000,,,CLEAR,0,28.0
09:32:45,0.01,30.00,1.000,0.000,-1.000,,,CLEAR,0,28.0
09:32:45,0.00,30.00,1.000,0.000,-1.000,,,CLEAR,0,28.0
09:32:45,0.04,30.00,1.000,0.000,-1.000,,,CLEAR,0,28.0
09:32:45,0.00,30.00,1.000,0.000,-1.000,,,CLEAR,0,28.0
09:32:46,0.03,30.00,1.000,0.000,-1.000,,,CLEAR,0,28.0
09:32:46,0.01,30.00,1.000,0.000,-1.000,,,CLEAR,0,28.0
09:32:46,0.00,30.00,1.000,0.000,-1.000,,,CLEAR,0,28.0
09:32:46,0.02,30.00,1.000,0.000,-1.000,,,CLEAR,0,28.0
09:32:46,0.03,30.00,1.000,0.000,-1.000,,,CLEAR,0,28.0
09:32:46,0.02,30.00,1.000,0.000,-1.000,,,CLEAR,0,28.0
09:32:47,0.00,30.00,1.000,0.000,-1.000,,,CLEAR,0,28.0
09:32:47,0.03,30.00,1.000,0.000,-1.000,,,CLEAR,0,28.0
09:32:47,0.01,30.00,1.000,0.000,-1.000,,,CLEAR,0,28.2
09:32:47,0.01,30.00,1.000,0.000,-1.000,,,CLEAR,0,28.2
09:32:47,0.01,30.00,1.000,0.000,-1.000,,,CLEAR,0,28.2
09:32:47,0.02,30.00,1.000,0.000,-1.000,,,CLEAR,0,28.2
09:32:48,0.02,30.00,1.000,0.000,-1.000,,,CLEAR,0,28.2
09:32:48,0.03,30.00,1.000,0.000,-1.000,,,CLEAR,0,28.2
09:32:48,0.01,30.00,1.000,0.000,-1.000,,,CLEAR,0,28.1
09:32:48,0.02,30.00,1.000,0.000,-1.000,,,CLEAR,0,28.1
09:32:48,0.00,30.00,1.000,0.000,-1.000,,,CLEAR,0,28.1
09:32:49,0.01,30.00,1.000,0.000,-1.000,,,CLEAR,0,28.1
09:32:49,0.00,30.00,1.000,0.000,-1.000,,,CLEAR,0,28.1
09:32:49,0.01,30.00,1.000,0.000,-1.000,,,CLEAR,0,28.1
09:32:49,0.00,30.00,1.000,0.000,-1.000,,,CLEAR,0,28.2
09:32:49,0.02,30.00,1.000,0.000,-1.000,,,CLEAR,0,28.2
09:32:49,0.01,30.00,1.000,0.000,-1.000,,,CLEAR,0,28.2
09:32:50,0.02,30.00,1.000,0.000,-1.000,,,CLEAR,0,28.2
09:32:50,0.02,30.00,1.000,0.000,-1.000,,,CLEAR,0,28.2
09:32:50,0.02,30.00,1.000,0.000,-1.000,,,CLEAR,0,28.2
09:32:50,0.01,30.00,1.000,0.000,-1.000,,,CLEAR,0,27.6
09:32:50,0.01,30.00,1.000,0.000,-1.000,,,CLEAR,0,27.6
09:32:51,0.02,30.00,1.000,0.000,-1.000,,,CLEAR,0,27.6
09:32:51,0.02,30.00,1.000,0.000,-1.000,,,CLEAR,0,27.6
09:32:51,0.01,30.00,1.000,0.000,-1.000,,,CLEAR,0,27.6
09:32:51,0.00,30.00,1.000,0.000,-1.000,,,CLEAR,0,27.8
09:32:51,0.01,30.00,1.000,0.000,-1.000,,,CLEAR,0,27.8
09:32:51,0.05,30.00,1.000,0.000,-1.000,,,CLEAR,0,27.8
09:32:52,0.01,30.00,1.000,0.000,-1.000,,,CLEAR,0,27.8
09:32:52,0.02,30.00,1.000,0.000,-1.000,,,CLEAR,0,27.8
09:32:52,0.01,30.00,1.000,0.000,-1.000,,,CLEAR,0,27.8
09:32:52,0.01,30.00,1.000,0.000,-1.000,,,CLEAR,0,27.9
09:32:52,0.00,30.00,1.000,0.000,-1.000,,,CLEAR,0,27.9
09:32:52,0.03,30.00,1.000,0.000,-1.000,,,CLEAR,0,27.9
09:32:53,0.03,30.00,1.000,0.000,-1.000,,,CLEAR,0,27.9
09:32:53,0.00,30.00,1.000,0.000,-1.000,,,CLEAR,0,27.9
09:32:53,0.01,30.00,1.000,0.000,-1.000,,,CLEAR,0,27.9
09:32:53,0.04,30.00,1.000,0.000,-1.000,,,CLEAR,0,28.1
09:32:53,0.01,30.00,1.000,0.000,-1.000,,,CLEAR,0,28.1
09:32:54,0.01,30.00,1.000,0.000,-1.000,,,CLEAR,0,28.1
09:32:54,0.02,30.00,1.000,0.000,-1.000,,,CLEAR,0,28.1
09:32:54,0.01,30.00,1.000,0.000,-1.000,,,CLEAR,0,28.1
09:32:54,0.00,30.00,1.000,0.000,-1.000,,,CLEAR,0,26.9
09:32:54,0.00,30.00,1.000,0.000,-1.000,,,CLEAR,0,26.9
09:32:54,0.01,30.00,1.000,0.000,-1.000,,,CLEAR,0,26.9
09:32:55,0.02,30.00,1.000,0.000,-1.000,,,CLEAR,0,26.9
09:32:55,0.01,30.00,1.000,0.000,-1.000,,,CLEAR,0,26.9
09:32:55,0.00,30.00,1.000,0.000,-1.000,,,CLEAR,0,26.9
09:32:55,0.01,30.00,1.000,0.000,-1.000,,,CLEAR,0,27.3
09:32:55,0.01,30.00,1.000,0.000,-1.000,,,CLEAR,0,27.3
09:32:56,0.01,30.00,1.000,0.000,-1.000,,,CLEAR,0,27.3
09:32:56,0.01,30.00,1.000,0.000,-1.000,,,CLEAR,0,27.3
09:32:56,0.01,30.00,1.000,0.000,-1.000,,,CLEAR,0,27.3
09:32:56,0.01,30.00,1.000,0.000,-1.000,,,CLEAR,0,27.8
09:32:56,0.01,30.00,1.000,0.000,-1.000,,,CLEAR,0,27.8
09:32:57,0.01,30.00,1.000,0.000,-1.000,,,CLEAR,0,27.8
09:32:57,0.03,30.00,1.000,0.000,-1.000,,,CLEAR,0,27.8
09:32:57,0.02,30.00,1.000,0.000,-1.000,,,CLEAR,0,27.8
09:32:57,0.02,30.00,1.000,0.000,-1.000,,,CLEAR,0,27.8
09:32:57,0.04,30.00,1.000,0.000,-1.000,,,CLEAR,0,26.9
09:32:57,0.01,30.00,1.000,0.000,-1.000,,,CLEAR,0,26.9
09:32:58,0.01,30.00,1.000,0.000,-1.000,,,CLEAR,0,26.9
09:32:58,0.02,30.00,1.000,0.000,-1.000,,,CLEAR,0,26.9
09:32:58,0.01,30.00,1.000,0.000,-1.000,,,CLEAR,0,26.9
09:32:58,0.03,30.00,1.000,0.000,-1.000,,,CLEAR,0,27.8
09:32:58,0.02,30.00,1.000,0.000,-1.000,,,CLEAR,0,27.8
09:32:59,0.01,30.00,1.000,0.000,-1.000,,,CLEAR,0,27.8
09:32:59,0.04,30.00,1.000,0.000,-1.000,,,CLEAR,0,27.8
09:32:59,0.02,30.00,1.000,0.000,-1.000,,,CLEAR,0,27.8
09:32:59,0.02,30.00,1.000,0.000,-1.000,,,CLEAR,0,27.8
09:32:59,0.01,30.00,1.000,0.000,-1.000,,,CLEAR,0,27.5
09:32:59,0.01,30.00,1.000,0.000,-1.000,,,CLEAR,0,27.5
09:33:00,0.03,30.00,1.000,0.000,-1.000,,,CLEAR,0,27.5
09:33:00,0.01,30.00,1.000,0.000,-1.000,,,CLEAR,0,27.5
09:33:00,0.01,30.00,1.000,0.000,-1.000,,,CLEAR,0,27.5
09:33:00,0.01,30.00,1.000,0.000,-1.000,,,CLEAR,0,27.0
09:33:00,0.03,30.00,1.000,0.000,-1.000,,,CLEAR,0,27.0
09:33:01,0.00,30.00,1.000,0.000,-1.000,,,CLEAR,0,27.0
09:33:01,0.01,30.00,1.000,0.000,-1.000,,,CLEAR,0,27.0
09:33:01,0.01,30.00,1.000,0.000,-1.000,,,CLEAR,0,27.0
09:33:01,0.01,30.00,1.000,0.000,-1.000,,,CLEAR,0,27.0
09:33:01,0.01,30.00,1.000,0.000,-1.000,,,CLEAR,0,27.1
09:33:01,0.01,30.00,1.000,0.000,-1.000,,,CLEAR,0,27.1
09:33:02,0.04,30.00,1.000,0.000,-1.000,,,CLEAR,0,27.1
09:33:02,0.00,30.00,1.000,0.000,-1.000,,,CLEAR,0,27.1
09:33:02,0.01,30.00,1.000,0.000,-1.000,,,CLEAR,0,27.1
09:33:02,0.01,30.00,1.000,0.000,-1.000,,,CLEAR,0,27.9
09:33:02,0.01,30.00,1.000,0.000,-1.000,,,CLEAR,0,27.9
09:33:03,0.01,30.00,1.000,0.000,-1.000,,,CLEAR,0,27.9
09:33:03,0.03,30.00,1.000,0.000,-1.000,,,CLEAR,0,27.9
09:33:03,0.01,30.00,1.000,0.000,-1.000,,,CLEAR,0,27.9
09:33:03,0.02,30.00,1.000,0.000,-1.000,,,CLEAR,0,27.9
09:33:03,0.00,30.00,1.000,0.000,-1.000,,,CLEAR,0,28.1
09:33:03,0.01,30.00,1.000,0.000,-1.000,,,CLEAR,0,28.1
09:33:04,0.00,30.00,1.000,0.000,-1.000,,,CLEAR,0,28.1
09:33:04,0.04,30.00,1.000,0.000,-1.000,,,CLEAR,0,28.1
09:33:04,0.06,30.00,1.000,0.000,-1.000,,,CLEAR,0,28.1
09:33:04,0.02,30.00,1.000,0.000,-1.000,,,CLEAR,0,28.1
09:33:04,0.00,30.00,1.000,0.000,-1.000,,,CLEAR,0,28.3
09:33:04,0.02,30.00,1.000,0.000,-1.000,,,CLEAR,0,28.3
09:33:05,0.00,30.00,1.000,0.000,-1.000,,,CLEAR,0,28.3
09:33:05,0.01,30.00,1.000,0.000,-1.000,,,CLEAR,0,28.3
09:33:05,0.04,30.00,1.000,0.000,-1.000,,,CLEAR,0,28.3
09:33:05,0.01,30.00,1.000,0.000,-1.000,,,CLEAR,0,28.3
09:33:05,0.01,30.00,1.000,0.000,-1.000,,,CLEAR,0,27.8
09:33:06,0.00,30.00,1.000,0.000,-1.000,,,CLEAR,0,27.8
09:33:06,0.01,30.00,1.000,0.000,-1.000,,,CLEAR,0,27.8
09:33:06,0.01,30.00,1.000,0.000,-1.000,,,CLEAR,0,27.8
09:33:06,0.00,30.00,1.000,0.000,-1.000,,,CLEAR,0,27.8
09:33:06,0.01,30.00,1.000,0.000,-1.000,,,CLEAR,0,28.0
09:33:06,0.01,30.00,1.000,0.000,-1.000,,,CLEAR,0,28.0
09:33:07,0.02,30.00,1.000,0.000,-1.000,,,CLEAR,0,28.0
09:33:07,0.02,30.00,1.000,0.000,-1.000,,,CLEAR,0,28.0
09:33:07,0.01,30.00,1.000,0.000,-1.000,,,CLEAR,0,28.0
09:33:07,0.01,30.00,1.000,0.000,-1.000,,,CLEAR,0,28.0
09:33:07,0.02,30.00,1.000,0.000,-1.000,,,CLEAR,0,27.6
09:33:08,0.02,30.00,1.000,0.000,-1.000,,,CLEAR,0,27.6
09:33:08,0.03,30.00,1.000,0.000,-1.000,,,CLEAR,0,27.6
09:33:08,0.04,30.00,1.000,0.000,-1.000,,,CLEAR,0,27.6
09:33:08,0.01,30.00,1.000,0.000,-1.000,,,CLEAR,0,27.6
09:33:08,0.02,30.00,1.000,0.000,-1.000,,,CLEAR,0,27.6
09:33:08,0.01,30.00,1.000,0.000,-1.000,,,CLEAR,0,28.0
09:33:09,0.01,30.00,1.000,0.000,-1.000,,,CLEAR,0,28.0
09:33:09,0.01,30.00,1.000,0.000,-1.000,,,CLEAR,0,28.0
09:33:09,0.01,30.00,1.000,0.000,-1.000,,,CLEAR,0,28.0
09:33:09,0.00,30.00,1.000,0.000,-1.000,,,CLEAR,0,28.0
09:33:09,0.00,30.00,1.000,0.000,-1.000,,,CLEAR,0,28.5
09:33:09,0.02,30.00,1.000,0.000,-1.000,,,CLEAR,0,28.5
09:33:10,0.03,30.00,1.000,0.000,-1.000,,,CLEAR,0,28.5
09:33:10,0.02,30.00,1.000,0.000,-1.000,,,CLEAR,0,28.5
09:33:10,0.01,30.00,1.000,0.000,-1.000,,,CLEAR,0,28.5
09:33:10,0.01,30.00,1.000,0.000,-1.000,,,CLEAR,0,28.5
09:33:10,0.01,30.00,1.000,0.000,-1.000,,,CLEAR,0,26.8
09:33:11,0.01,30.00,1.000,0.000,-1.000,,,CLEAR,0,26.8
09:33:11,0.02,30.00,1.000,0.000,-1.000,,,CLEAR,0,26.8
09:33:11,0.01,30.00,1.000,0.000,-1.000,,,CLEAR,0,26.8
09:33:11,0.00,30.00,1.000,0.000,-1.000,,,CLEAR,0,26.8
09:33:11,0.01,30.00,1.000,0.000,-1.000,,,CLEAR,0,27.1
09:33:12,0.02,30.00,1.000,0.000,-1.000,,,CLEAR,0,27.1
09:33:12,0.01,30.00,1.000,0.000,-1.000,,,CLEAR,0,27.1
09:33:12,0.01,30.00,1.000,0.000,-1.000,,,CLEAR,0,27.1
09:33:12,0.01,30.00,1.000,0.000,-1.000,,,CLEAR,0,27.1
09:33:12,0.02,30.00,1.000,0.000,-1.000,,,CLEAR,0,27.1
09:33:12,0.01,30.00,1.000,0.000,-1.000,,,CLEAR,0,27.2
09:33:13,0.01,30.00,1.000,0.000,-1.000,,,CLEAR,0,27.2
09:33:13,0.02,30.00,1.000,0.000,-1.000,,,CLEAR,0,27.2
09:33:13,0.01,30.00,1.000,0.000,-1.000,,,CLEAR,0,27.2
09:33:13,0.02,30.00,1.000,0.000,-1.000,,,CLEAR,0,27.2
09:33:13,0.01,30.00,1.000,0.000,-1.000,,,CLEAR,0,27.2
09:33:14,0.00,30.00,1.000,0.000,-1.000,,,CLEAR,0,27.2
09:33:14,0.01,30.00,1.000,0.000,-1.000,,,CLEAR,0,27.2
09:33:14,0.01,30.00,1.000,0.000,-1.000,,,CLEAR,0,27.2
09:33:14,0.01,30.00,1.000,0.000,-1.000,,,CLEAR,0,27.2
09:33:14,0.01,30.00,1.000,0.000,-1.000,,,CLEAR,0,27.2
09:33:14,0.01,30.00,1.000,0.000,-1.000,,,CLEAR,0,27.6
09:33:15,0.03,30.00,1.000,0.000,-1.000,,,CLEAR,0,27.6
09:33:15,0.02,30.00,1.000,0.000,-1.000,,,CLEAR,0,27.6
09:33:15,0.03,30.00,1.000,0.000,-1.000,,,CLEAR,0,27.6
09:33:15,0.02,30.00,1.000,0.000,-1.000,,,CLEAR,0,27.6
09:33:15,0.01,30.00,1.000,0.000,-1.000,,,CLEAR,0,27.6
09:33:16,0.00,30.00,1.000,0.000,-1.000,,,CLEAR,0,27.9
09:33:16,0.02,30.00,1.000,0.000,-1.000,,,CLEAR,0,27.9
09:33:16,0.03,30.00,1.000,0.000,-1.000,,,CLEAR,0,27.9
09:33:16,0.01,30.00,1.000,0.000,-1.000,,,CLEAR,0,27.9
09:33:16,0.02,30.00,1.000,0.000,-1.000,,,CLEAR,0,27.9
09:33:16,0.01,30.00,1.000,0.000,-1.000,,,CLEAR,0,27.7
09:33:17,0.01,30.00,1.000,0.000,-1.000,,,CLEAR,0,27.7
09:33:17,0.04,30.00,1.000,0.000,-1.000,,,CLEAR,0,27.7
09:33:17,0.01,30.00,1.000,0.000,-1.000,,,CLEAR,0,27.7
09:33:17,0.01,30.00,1.000,0.000,-1.000,,,CLEAR,0,27.7
09:33:17,0.01,30.00,1.000,0.000,-1.000,,,CLEAR,0,27.7
09:33:18,0.02,30.00,1.000,0.000,-1.000,,,CLEAR,0,27.8
09:33:18,0.03,30.00,1.000,0.000,-1.000,,,CLEAR,0,27.8
09:33:18,0.00,30.00,1.000,0.000,-1.000,,,CLEAR,0,27.8
09:33:18,0.01,30.00,1.000,0.000,-1.000,,,CLEAR,0,27.8
09:33:18,0.03,30.00,1.000,0.000,-1.000,,,CLEAR,0,27.8
09:33:18,0.05,30.00,1.000,0.000,-1.000,,,CLEAR,0,27.8
09:33:19,0.00,30.00,1.000,0.000,-1.000,,,CLEAR,0,27.6
09:33:19,0.01,30.00,1.000,0.000,-1.000,,,CLEAR,0,27.6
09:33:19,0.01,30.00,1.000,0.000,-1.000,,,CLEAR,0,27.6
09:33:19,0.00,30.00,1.000,0.000,-1.000,,,CLEAR,0,27.6
09:33:19,0.00,30.00,1.000,0.000,-1.000,,,CLEAR,0,27.6
09:33:20,0.02,30.00,1.000,0.000,-1.000,,,CLEAR,0,26.8
09:33:20,0.00,30.00,1.000,0.000,-1.000,,,CLEAR,0,26.8
09:33:20,0.01,30.00,1.000,0.000,-1.000,,,CLEAR,0,26.8
09:33:20,0.00,30.00,1.000,0.000,-1.000,,,CLEAR,0,26.8
09:33:20,0.01,30.00,1.000,0.000,-1.000,,,CLEAR,0,26.8
09:33:20,0.03,30.00,1.000,0.000,-1.000,,,CLEAR,0,26.8
09:33:21,0.04,30.00,1.000,0.000,-1.000,,,CLEAR,0,27.4
09:33:21,0.00,30.00,1.000,0.000,-1.000,,,CLEAR,0,27.4
09:33:21,0.00,30.00,1.000,0.000,-1.000,,,CLEAR,0,27.4
09:33:21,0.01,30.00,1.000,0.000,-1.000,,,CLEAR,0,27.4
09:33:21,0.00,30.00,1.000,0.000,-1.000,,,CLEAR,0,27.4
09:33:22,0.00,30.00,1.000,0.000,-1.000,,,CLEAR,0,27.9
09:33:22,0.01,30.00,1.000,0.000,-1.000,,,CLEAR,0,27.9
09:33:22,0.01,30.00,1.000,0.000,-1.000,,,CLEAR,0,27.9
09:33:22,0.02,30.00,1.000,0.000,-1.000,,,CLEAR,0,27.9
09:33:22,0.01,30.00,1.000,0.000,-1.000,,,CLEAR,0,27.9
09:33:22,0.02,30.00,1.000,0.000,-1.000,,,CLEAR,0,27.9
09:33:23,0.02,30.00,1.000,0.000,-1.000,,,CLEAR,0,28.0
09:33:23,0.00,30.00,1.000,0.000,-1.000,,,CLEAR,0,28.0
09:33:23,0.02,30.00,1.000,0.000,-1.000,,,CLEAR,0,28.0
09:33:23,0.02,30.00,1.000,0.000,-1.000,,,CLEAR,0,28.0
09:33:23,0.01,30.00,1.000,0.000,-1.000,,,CLEAR,0,28.0
09:33:23,0.02,30.00,1.000,0.000,-1.000,,,CLEAR,0,28.0
09:33:24,0.02,30.00,1.000,0.000,-1.000,,,CLEAR,0,27.4
09:33:24,0.04,30.00,1.000,0.000,-1.000,,,CLEAR,0,27.4
09:33:24,0.02,30.00,1.000,0.000,-1.000,,,CLEAR,0,27.4
09:33:24,0.01,30.00,1.000,0.000,-1.000,,,CLEAR,0,27.4
09:33:24,0.01,30.00,1.000,0.000,-1.000,,,CLEAR,0,27.4
09:33:25,0.02,30.00,1.000,0.000,-1.000,,,CLEAR,0,27.0
09:33:25,0.01,30.00,1.000,0.000,-1.000,,,CLEAR,0,27.0
09:33:25,0.01,30.00,1.000,0.000,-1.000,,,CLEAR,0,27.0
09:33:25,0.01,30.00,1.000,0.000,-1.000,,,CLEAR,0,27.0
09:33:25,0.01,30.00,1.000,0.000,-1.000,,,CLEAR,0,27.0
09:33:26,0.01,30.00,1.000,0.000,-1.000,,,CLEAR,0,27.0
09:33:26,0.01,30.00,1.000,0.000,-1.000,,,CLEAR,0,27.9
09:33:26,0.01,30.00,1.000,0.000,-1.000,,,CLEAR,0,27.9
09:33:26,0.00,30.00,1.000,0.000,-1.000,,,CLEAR,0,27.9
09:33:26,0.01,30.00,1.000,0.000,-1.000,,,CLEAR,0,27.9
09:33:26,0.01,30.00,1.000,0.000,-1.000,,,CLEAR,0,27.9
09:33:27,0.01,30.00,1.000,0.000,-1.000,,,CLEAR,0,27.9
09:33:27,0.00,30.00,1.000,0.000,-1.000,,,CLEAR,0,27.9
09:33:27,0.01,30.00,1.000,0.000,-1.000,,,CLEAR,0,27.9
09:33:27,0.01,30.00,1.000,0.000,-1.000,,,CLEAR,0,27.9
09:33:27,0.00,30.00,1.000,0.000,-1.000,,,CLEAR,0,27.9
09:33:27,0.00,30.00,1.000,0.000,-1.000,,,CLEAR,0,27.9
09:33:28,0.08,30.00,1.000,0.000,-1.000,,,CLEAR,0,27.8
09:33:28,0.01,30.00,1.000,0.000,-1.000,,,CLEAR,0,27.8
09:33:28,0.01,30.00,1.000,0.000,-1.000,,,CLEAR,0,27.8
09:33:28,0.01,30.00,1.000,0.000,-1.000,,,CLEAR,0,27.8
09:33:28,0.02,30.00,1.000,0.000,-1.000,,,CLEAR,0,27.8
09:33:29,0.01,30.00,1.000,0.000,-1.000,,,CLEAR,0,27.8
09:33:29,0.00,30.00,1.000,0.000,-1.000,,,CLEAR,0,26.8
09:33:29,0.02,30.00,1.000,0.000,-1.000,,,CLEAR,0,26.8
09:33:29,0.01,30.00,1.000,0.000,-1.000,,,CLEAR,0,26.8
09:33:29,0.01,30.00,1.000,0.000,-1.000,,,CLEAR,0,26.8
09:33:30,0.00,30.00,1.000,0.000,-1.000,,,CLEAR,0,26.8
09:33:30,0.00,30.00,1.000,0.000,-1.000,,,CLEAR,0,27.5
09:33:30,0.03,30.00,1.000,0.000,-1.000,,,CLEAR,0,27.5
09:33:30,0.01,30.00,1.000,0.000,-1.000,,,CLEAR,0,27.5
09:33:30,0.01,30.00,1.000,0.000,-1.000,,,CLEAR,0,27.5
09:33:30,0.01,30.00,1.000,0.000,-1.000,,,CLEAR,0,27.5
09:33:31,0.00,30.00,1.000,0.000,-1.000,,,CLEAR,0,27.5
09:33:31,0.00,30.00,1.000,0.000,-1.000,,,CLEAR,0,27.8
09:33:31,0.01,30.00,1.000,0.000,-1.000,,,CLEAR,0,27.8
09:33:31,0.00,30.00,1.000,0.000,-1.000,,,CLEAR,0,27.8
09:33:31,0.01,30.00,1.000,0.000,-1.000,,,CLEAR,0,27.8
09:33:32,0.01,30.00,1.000,0.000,-1.000,,,CLEAR,0,27.8
09:33:32,0.01,30.00,1.000,0.000,-1.000,,,CLEAR,0,26.9
09:33:32,0.01,30.00,1.000,0.000,-1.000,,,CLEAR,0,26.9
09:33:32,0.01,30.00,1.000,0.000,-1.000,,,CLEAR,0,26.9
09:33:32,0.01,30.00,1.000,0.000,-1.000,,,CLEAR,0,26.9
09:33:32,0.04,30.00,1.000,0.000,-1.000,,,CLEAR,0,26.9
09:33:33,0.02,30.00,1.000,0.000,-1.000,,,CLEAR,0,26.9
09:33:33,0.00,30.00,1.000,0.000,-1.000,,,CLEAR,0,27.0
09:33:33,0.04,30.00,1.000,0.000,-1.000,,,CLEAR,0,27.0
09:33:33,0.01,30.00,1.000,0.000,-1.000,,,CLEAR,0,27.0
09:33:33,0.02,30.00,1.000,0.000,-1.000,,,CLEAR,0,27.0
09:33:34,0.04,30.00,1.000,0.000,-1.000,,,CLEAR,0,27.0
09:33:34,0.00,30.00,1.000,0.000,-1.000,,,CLEAR,0,27.9
09:33:34,0.00,30.00,1.000,0.000,-1.000,,,CLEAR,0,27.9
09:33:34,0.02,30.00,1.000,0.000,-1.000,,,CLEAR,0,27.9
09:33:34,0.01,30.00,1.000,0.000,-1.000,,,CLEAR,0,27.9
09:33:34,0.00,30.00,1.000,0.000,-1.000,,,CLEAR,0,27.9
09:33:35,0.01,30.00,1.000,0.000,-1.000,,,CLEAR,0,27.9
09:33:35,0.01,30.00,1.000,0.000,-1.000,,,CLEAR,0,26.3
09:33:35,0.01,30.00,1.000,0.000,-1.000,,,CLEAR,0,26.3
09:33:35,0.01,30.00,1.000,0.000,-1.000,,,CLEAR,0,26.3
09:33:35,0.01,30.00,1.000,0.000,-1.000,,,CLEAR,0,26.3
09:33:36,0.01,30.00,1.000,0.000,-1.000,,,CLEAR,0,26.3
09:33:36,0.00,30.00,1.000,0.000,-1.000,,,CLEAR,0,26.6
09:33:36,0.00,30.00,1.000,0.000,-1.000,,,CLEAR,0,26.6
09:33:36,0.01,30.00,1.000,0.000,-1.000,,,CLEAR,0,26.6
09:33:36,0.01,30.00,1.000,0.000,-1.000,,,CLEAR,0,26.6
09:33:36,0.03,30.00,1.000,0.000,-1.000,,,CLEAR,0,26.6
09:33:37,0.01,30.00,1.000,0.000,-1.000,,,CLEAR,0,26.6
09:33:37,0.00,30.00,1.000,0.000,-1.000,,,CLEAR,0,27.9
09:33:37,0.01,30.00,1.000,0.000,-1.000,,,CLEAR,0,27.9
09:33:37,0.02,30.00,1.000,0.000,-1.000,,,CLEAR,0,27.9
09:33:37,0.01,30.00,1.000,0.000,-1.000,,,CLEAR,0,27.9
09:33:38,0.00,30.00,1.000,0.000,-1.000,,,CLEAR,0,27.9
09:33:38,0.03,30.00,1.000,0.000,-1.000,,,CLEAR,0,26.7
09:33:38,0.01,30.00,1.000,0.000,-1.000,,,CLEAR,0,26.7
09:33:38,0.01,30.00,1.000,0.000,-1.000,,,CLEAR,0,26.7
09:33:38,0.01,30.00,1.000,0.000,-1.000,,,CLEAR,0,26.7
09:33:39,0.01,30.00,1.000,0.000,-1.000,,,CLEAR,0,26.7
09:33:39,0.00,30.00,1.000,0.000,-1.000,,,CLEAR,0,26.7
09:33:39,0.04,30.00,1.000,0.000,-1.000,,,CLEAR,0,27.0
09:33:39,0.02,30.00,1.000,0.000,-1.000,,,CLEAR,0,27.0
09:33:39,0.01,30.00,1.000,0.000,-1.000,,,CLEAR,0,27.0
09:33:39,0.00,30.00,1.000,0.000,-1.000,,,CLEAR,0,27.0
09:33:40,0.02,30.00,1.000,0.000,-1.000,,,CLEAR,0,27.0
09:33:40,0.01,30.00,1.000,0.000,-1.000,,,CLEAR,0,27.6
09:33:40,0.02,30.00,1.000,0.000,-1.000,,,CLEAR,0,27.6
09:33:40,0.00,30.00,1.000,0.000,-1.000,,,CLEAR,0,27.6
09:33:40,0.01,30.00,1.000,0.000,-1.000,,,CLEAR,0,27.6
09:33:41,0.01,30.00,1.000,0.000,-1.000,,,CLEAR,0,27.6
09:33:41,0.00,30.00,1.000,0.000,-1.000,,,CLEAR,0,27.6
09:33:41,0.00,30.00,1.000,0.000,-1.000,,,CLEAR,0,27.3
09:33:41,0.01,30.00,1.000,0.000,-1.000,,,CLEAR,0,27.3
09:33:41,0.01,30.00,1.000,0.000,-1.000,,,CLEAR,0,27.3
09:33:41,0.00,30.00,1.000,0.000,-1.000,,,CLEAR,0,27.3
09:33:42,0.01,30.00,1.000,0.000,-1.000,,,CLEAR,0,27.3
09:33:42,0.03,30.00,1.000,0.000,-1.000,,,CLEAR,0,27.6
09:33:42,0.01,30.00,1.000,0.000,-1.000,,,CLEAR,0,27.6
09:33:42,0.00,30.00,1.000,0.000,-1.000,,,CLEAR,0,27.6
09:33:42,0.01,30.00,1.000,0.000,-1.000,,,CLEAR,0,27.6
09:33:43,0.01,30.00,1.000,0.000,-1.000,,,CLEAR,0,27.6
09:33:43,0.02,30.00,1.000,0.000,-1.000,,,CLEAR,0,27.6
09:33:43,0.01,30.00,1.000,0.000,-1.000,,,CLEAR,0,26.2
09:33:43,0.01,30.00,1.000,0.000,-1.000,,,CLEAR,0,26.2
09:33:43,0.01,30.00,1.000,0.000,-1.000,,,CLEAR,0,26.2
09:33:44,0.01,30.00,1.000,0.000,-1.000,,,CLEAR,0,26.2
09:33:44,0.01,30.00,1.000,0.000,-1.000,,,CLEAR,0,26.2
09:33:44,0.01,30.00,1.000,0.000,-1.000,,,CLEAR,0,26.8
09:33:44,0.01,30.00,1.000,0.000,-1.000,,,CLEAR,0,26.8
09:33:44,0.00,30.00,1.000,0.000,-1.000,,,CLEAR,0,26.8
09:33:44,0.01,30.00,1.000,0.000,-1.000,,,CLEAR,0,26.8
09:33:45,0.01,30.00,1.000,0.000,-1.000,,,CLEAR,0,26.8
09:33:45,0.03,30.00,1.000,0.000,-1.000,,,CLEAR,0,26.8
09:33:45,0.01,30.00,1.000,0.000,-1.000,,,CLEAR,0,26.6
09:33:45,0.00,30.00,1.000,0.000,-1.000,,,CLEAR,0,26.6
09:33:45,0.01,30.00,1.000,0.000,-1.000,,,CLEAR,0,26.6
09:33:46,0.01,30.00,1.000,0.000,-1.000,,,CLEAR,0,26.6
09:33:46,0.01,30.00,1.000,0.000,-1.000,,,CLEAR,0,26.6
09:33:46,0.02,30.00,1.000,0.000,-1.000,,,CLEAR,0,27.8
09:33:46,0.02,30.00,1.000,0.000,-1.000,,,CLEAR,0,27.8
09:33:46,0.02,30.00,1.000,0.000,-1.000,,,CLEAR,0,27.8
09:33:46,0.00,30.00,1.000,0.000,-1.000,,,CLEAR,0,27.8
09:33:47,0.01,30.00,1.000,0.000,-1.000,,,CLEAR,0,27.8
09:33:47,0.00,30.00,1.000,0.000,-1.000,,,CLEAR,0,27.8
09:33:47,0.00,30.00,1.000,0.000,-1.000,,,CLEAR,0,26.9
09:33:47,0.01,30.00,1.000,0.000,-1.000,,,CLEAR,0,26.9
09:33:47,0.02,30.00,1.000,0.000,-1.000,,,CLEAR,0,26.9
09:33:48,0.01,30.00,1.000,0.000,-1.000,,,CLEAR,0,26.9
09:33:48,0.00,30.00,1.000,0.000,-1.000,,,CLEAR,0,26.9
09:33:48,0.01,30.00,1.000,0.000,-1.000,,,CLEAR,0,27.4
09:33:48,0.03,30.00,1.000,0.000,-1.000,,,CLEAR,0,27.4
09:33:48,0.01,30.00,1.000,0.000,-1.000,,,CLEAR,0,27.4
09:33:48,0.00,30.00,1.000,0.000,-1.000,,,CLEAR,0,27.4
09:33:49,0.02,30.00,1.000,0.000,-1.000,,,CLEAR,0,27.4
09:33:49,0.02,30.00,1.000,0.000,-1.000,,,CLEAR,0,27.4
09:33:49,0.03,30.00,1.000,0.000,-1.000,,,CLEAR,0,27.6
09:33:49,0.02,30.00,1.000,0.000,-1.000,,,CLEAR,0,27.6
09:33:49,0.01,30.00,1.000,0.000,-1.000,,,CLEAR,0,27.6
09:33:50,0.00,30.00,1.000,0.000,-1.000,,,CLEAR,0,27.6
09:33:50,0.00,30.00,1.000,0.000,-1.000,,,CLEAR,0,27.6
09:33:50,0.00,30.00,1.000,0.000,-1.000,,,CLEAR,0,27.6
09:33:50,0.02,30.00,1.000,0.000,-1.000,,,CLEAR,0,27.6
09:33:50,0.01,30.00,1.000,0.000,-1.000,,,CLEAR,0,27.6
09:33:50,0.00,30.00,1.000,0.000,-1.000,,,CLEAR,0,27.6
09:33:51,0.02,30.00,1.000,0.000,-1.000,,,CLEAR,0,27.6
09:33:51,0.02,30.00,1.000,0.000,-1.000,,,CLEAR,0,27.6
09:33:51,0.04,30.00,1.000,0.000,-1.000,,,CLEAR,0,27.7
09:33:51,0.01,30.00,1.000,0.000,-1.000,,,CLEAR,0,27.7
09:33:51,0.03,30.00,1.000,0.000,-1.000,,,CLEAR,0,27.7
09:33:52,0.01,30.00,1.000,0.000,-1.000,,,CLEAR,0,27.7
09:33:52,0.03,30.00,1.000,0.000,-1.000,,,CLEAR,0,27.7
09:33:52,0.02,30.00,1.000,0.000,-1.000,,,CLEAR,0,27.7
09:33:52,0.02,30.00,1.000,0.000,-1.000,,,CLEAR,0,27.3
09:33:52,0.00,30.00,1.000,0.000,-1.000,,,CLEAR,0,27.3
09:33:52,0.02,30.00,1.000,0.000,-1.000,,,CLEAR,0,27.3
09:33:53,0.02,30.00,1.000,0.000,-1.000,,,CLEAR,0,27.3
09:33:53,0.03,30.00,1.000,0.000,-1.000,,,CLEAR,0,27.3
09:33:53,0.02,30.00,1.000,0.000,-1.000,,,CLEAR,0,26.6
09:33:53,0.00,30.00,1.000,0.000,-1.000,,,CLEAR,0,26.6
09:33:53,0.01,30.00,1.000,0.000,-1.000,,,CLEAR,0,26.6
09:33:54,0.02,30.00,1.000,0.000,-1.000,,,CLEAR,0,26.6
09:33:54,0.00,30.00,1.000,0.000,-1.000,,,CLEAR,0,26.6
09:33:54,0.01,30.00,1.000,0.000,-1.000,,,CLEAR,0,26.6
09:33:54,0.03,30.00,1.000,0.000,-1.000,,,CLEAR,0,27.0
09:33:54,0.05,30.00,1.000,0.000,-1.000,,,CLEAR,0,27.0
09:33:55,0.02,30.00,1.000,0.000,-1.000,,,CLEAR,0,27.0
09:33:55,0.02,30.00,1.000,0.000,-1.000,,,CLEAR,0,27.0
09:33:55,0.03,30.00,1.000,0.000,-1.000,,,CLEAR,0,27.0
09:33:55,0.02,30.00,1.000,0.000,-1.000,,,CLEAR,0,26.2
09:33:55,0.01,30.00,1.000,0.000,-1.000,,,CLEAR,0,26.2
09:33:55,0.01,30.00,1.000,0.000,-1.000,,,CLEAR,0,26.2
09:33:56,0.00,30.00,1.000,0.000,-1.000,,,CLEAR,0,26.2
09:33:56,0.00,30.00,1.000,0.000,-1.000,,,CLEAR,0,26.2
09:33:56,0.02,30.00,1.000,0.000,-1.000,,,CLEAR,0,26.2
09:33:56,0.01,30.00,1.000,0.000,-1.000,,,CLEAR,0,27.3
09:33:56,0.01,30.00,1.000,0.000,-1.000,,,CLEAR,0,27.3
09:33:57,0.01,30.00,1.000,0.000,-1.000,,,CLEAR,0,27.3
09:33:57,0.00,30.00,1.000,0.000,-1.000,,,CLEAR,0,27.3
09:33:57,0.01,30.00,1.000,0.000,-1.000,,,CLEAR,0,27.3
09:33:57,0.02,30.00,1.000,0.000,-1.000,,,CLEAR,0,27.8
09:33:57,0.01,30.00,1.000,0.000,-1.000,,,CLEAR,0,27.8
09:33:57,0.02,30.00,1.000,0.000,-1.000,,,CLEAR,0,27.8
09:33:58,0.01,30.00,1.000,0.000,-1.000,,,CLEAR,0,27.8
09:33:58,0.02,30.00,1.000,0.000,-1.000,,,CLEAR,0,27.8
09:33:58,0.01,30.00,1.000,0.000,-1.000,,,CLEAR,0,27.8
09:33:58,0.01,30.00,1.000,0.000,-1.000,,,CLEAR,0,27.0
09:33:58,0.01,30.00,1.000,0.000,-1.000,,,CLEAR,0,27.0
09:33:59,0.04,30.00,1.000,0.000,-1.000,,,CLEAR,0,27.0
09:33:59,0.02,30.00,1.000,0.000,-1.000,,,CLEAR,0,27.0
09:33:59,0.00,30.00,1.000,0.000,-1.000,,,CLEAR,0,27.0
09:33:59,0.01,30.00,1.000,0.000,-1.000,,,CLEAR,0,27.2
09:33:59,0.01,30.00,1.000,0.000,-1.000,,,CLEAR,0,27.2
09:33:59,0.01,30.00,1.000,0.000,-1.000,,,CLEAR,0,27.2
09:34:00,0.01,30.00,1.000,0.000,-1.000,,,CLEAR,0,27.2
09:34:00,0.03,30.00,1.000,0.000,-1.000,,,CLEAR,0,27.2
09:34:00,0.00,30.00,1.000,0.000,-1.000,,,CLEAR,0,27.2
09:34:00,0.01,30.00,1.000,0.000,-1.000,,,CLEAR,0,27.5
09:34:00,0.02,30.00,1.000,0.000,-1.000,,,CLEAR,0,27.5
09:34:01,0.02,30.00,1.000,0.000,-1.000,,,CLEAR,0,27.5
09:34:01,0.03,30.00,1.000,0.000,-1.000,,,CLEAR,0,27.5
09:34:01,0.01,30.00,1.000,0.000,-1.000,,,CLEAR,0,27.5
09:34:01,0.02,30.00,1.000,0.000,-1.000,,,CLEAR,0,27.4
09:34:01,0.01,30.00,1.000,0.000,-1.000,,,CLEAR,0,27.4
09:34:02,0.02,30.00,1.000,0.000,-1.000,,,CLEAR,0,27.4
09:34:02,0.03,30.00,1.000,0.000,-1.000,,,CLEAR,0,27.4
09:34:02,0.01,30.00,1.000,0.000,-1.000,,,CLEAR,0,27.4
09:34:02,0.01,30.00,1.000,0.000,-1.000,,,CLEAR,0,27.4
09:34:02,0.01,30.00,1.000,0.000,-1.000,,,CLEAR,0,27.9
09:34:02,0.01,30.00,1.000,0.000,-1.000,,,CLEAR,0,27.9
09:34:03,0.01,30.00,1.000,0.000,-1.000,,,CLEAR,0,27.9
09:34:03,0.01,30.00,1.000,0.000,-1.000,,,CLEAR,0,27.9
09:34:03,0.01,30.00,1.000,0.000,-1.000,,,CLEAR,0,27.9
09:34:03,0.04,30.00,1.000,0.000,-1.000,,,CLEAR,0,27.9
09:34:03,0.05,30.00,1.000,0.000,-1.000,,,CLEAR,0,27.6
09:34:03,0.00,30.00,1.000,0.000,-1.000,,,CLEAR,0,27.6
09:34:04,0.00,30.00,1.000,0.000,-1.000,,,CLEAR,0,27.6
09:34:04,0.01,30.00,1.000,0.000,-1.000,,,CLEAR,0,27.6
09:34:04,0.02,30.00,1.000,0.000,-1.000,,,CLEAR,0,27.6
09:34:04,0.00,30.00,1.000,0.000,-1.000,,,CLEAR,0,27.6
09:34:04,0.00,30.00,1.000,0.000,-1.000,,,CLEAR,0,27.6
09:34:05,0.01,30.00,1.000,0.000,-1.000,,,CLEAR,0,27.6
09:34:05,0.02,30.00,1.000,0.000,-1.000,,,CLEAR,0,27.6
09:34:05,0.01,30.00,1.000,0.000,-1.000,,,CLEAR,0,27.6
09:34:05,0.00,30.00,1.000,0.000,-1.000,,,CLEAR,0,27.6
09:34:05,0.01,30.00,1.000,0.000,-1.000,,,CLEAR,0,27.5
09:34:05,0.00,30.00,1.000,0.000,-1.000,,,CLEAR,0,27.5
09:34:06,0.01,30.00,1.000,0.000,-1.000,,,CLEAR,0,27.5
09:34:06,0.01,30.00,1.000,0.000,-1.000,,,CLEAR,0,27.5
09:34:06,0.03,30.00,1.000,0.000,-1.000,,,CLEAR,0,27.5
09:34:06,0.01,30.00,1.000,0.000,-1.000,,,CLEAR,0,27.7
09:34:06,0.01,30.00,1.000,0.000,-1.000,,,CLEAR,0,27.7
09:34:07,0.02,30.00,1.000,0.000,-1.000,,,CLEAR,0,27.7
09:34:07,0.01,30.00,1.000,0.000,-1.000,,,CLEAR,0,27.7
09:34:07,0.01,30.00,1.000,0.000,-1.000,,,CLEAR,0,27.7
09:34:07,0.02,30.00,1.000,0.000,-1.000,,,CLEAR,0,27.7
09:34:07,0.01,30.00,1.000,0.000,-1.000,,,CLEAR,0,27.6
09:34:07,0.01,30.00,1.000,0.000,-1.000,,,CLEAR,0,27.6
09:34:08,0.05,30.00,1.000,0.000,-1.000,,,CLEAR,0,27.6
09:34:08,0.02,30.00,1.000,0.000,-1.000,,,CLEAR,0,27.6
09:34:08,0.01,30.00,1.000,0.000,-1.000,,,CLEAR,0,27.6
09:34:08,0.01,30.00,1.000,0.000,-1.000,,,CLEAR,0,27.6
09:34:08,0.01,30.00,1.000,0.000,-1.000,,,CLEAR,0,27.9
09:34:09,0.01,30.00,1.000,0.000,-1.000,,,CLEAR,0,27.9
09:34:09,0.00,30.00,1.000,0.000,-1.000,,,CLEAR,0,27.9
09:34:09,0.05,30.00,1.000,0.000,-1.000,,,CLEAR,0,27.9
09:34:09,0.00,30.00,1.000,0.000,-1.000,,,CLEAR,0,27.9
09:34:09,0.01,30.00,1.000,0.000,-1.000,,,CLEAR,0,27.4
09:34:09,0.02,30.00,1.000,0.000,-1.000,,,CLEAR,0,27.4
09:34:10,0.01,30.00,1.000,0.000,-1.000,,,CLEAR,0,27.4
09:34:10,0.01,30.00,1.000,0.000,-1.000,,,CLEAR,0,27.4
09:34:10,0.02,30.00,1.000,0.000,-1.000,,,CLEAR,0,27.4
09:34:10,0.01,30.00,1.000,0.000,-1.000,,,CLEAR,0,27.4
09:34:10,0.02,30.00,1.000,0.000,-1.000,,,CLEAR,0,27.7
09:34:11,0.02,30.00,1.000,0.000,-1.000,,,CLEAR,0,27.7
09:34:11,0.01,30.00,1.000,0.000,-1.000,,,CLEAR,0,27.7
09:34:11,0.01,30.00,1.000,0.000,-1.000,,,CLEAR,0,27.7
09:34:11,0.01,30.00,1.000,0.000,-1.000,,,CLEAR,0,27.7
09:34:11,0.01,30.00,1.000,0.000,-1.000,,,CLEAR,0,27.4
09:34:11,0.00,30.00,1.000,0.000,-1.000,,,CLEAR,0,27.4
09:34:12,0.01,30.00,1.000,0.000,-1.000,,,CLEAR,0,27.4
09:34:12,0.01,30.00,1.000,0.000,-1.000,,,CLEAR,0,27.4
09:34:12,0.02,30.00,1.000,0.000,-1.000,,,CLEAR,0,27.4
09:34:12,0.01,30.00,1.000,0.000,-1.000,,,CLEAR,0,27.4
09:34:12,0.03,30.00,1.000,0.000,-1.000,,,CLEAR,0,27.1
09:34:13,0.00,30.00,1.000,0.000,-1.000,,,CLEAR,0,27.1
09:34:13,0.02,30.00,1.000,0.000,-1.000,,,CLEAR,0,27.1
09:34:13,0.03,30.00,1.000,0.000,-1.000,,,CLEAR,0,27.1
09:34:13,0.01,30.00,1.000,0.000,-1.000,,,CLEAR,0,27.1
09:34:13,0.01,30.00,1.000,0.000,-1.000,,,CLEAR,0,27.1
09:34:13,0.00,30.00,1.000,0.000,-1.000,,,CLEAR,0,27.5
09:34:14,0.00,30.00,1.000,0.000,-1.000,,,CLEAR,0,27.5
09:34:14,0.01,30.00,1.000,0.000,-1.000,,,CLEAR,0,27.5
09:34:14,0.04,30.00,1.000,0.000,-1.000,,,CLEAR,0,27.5
09:34:14,0.00,30.00,1.000,0.000,-1.000,,,CLEAR,0,27.5
09:34:14,0.01,30.00,1.000,0.000,-1.000,,,CLEAR,0,27.4
09:34:15,0.01,30.00,1.000,0.000,-1.000,,,CLEAR,0,27.4
09:34:15,0.02,30.00,1.000,0.000,-1.000,,,CLEAR,0,27.4
09:34:15,0.01,30.00,1.000,0.000,-1.000,,,CLEAR,0,27.4
09:34:15,0.00,30.00,1.000,0.000,-1.000,,,CLEAR,0,27.4
09:34:15,0.02,30.00,1.000,0.000,-1.000,,,CLEAR,0,27.4
09:34:16,0.01,30.00,1.000,0.000,-1.000,,,CLEAR,0,26.1
09:34:16,0.01,30.00,1.000,0.000,-1.000,,,CLEAR,0,26.1
09:34:16,0.04,30.00,1.000,0.000,-1.000,,,CLEAR,0,26.1
09:34:16,0.01,30.00,1.000,0.000,-1.000,,,CLEAR,0,26.1
09:34:16,0.01,30.00,1.000,0.000,-1.000,,,CLEAR,0,26.1
09:34:17,0.03,30.00,1.000,0.000,-1.000,,,CLEAR,0,25.5
09:34:17,0.02,30.00,1.000,0.000,-1.000,,,CLEAR,0,25.5
09:34:17,0.00,30.00,1.000,0.000,-1.000,,,CLEAR,0,25.5
09:34:17,0.04,30.00,1.000,0.000,-1.000,,,CLEAR,0,25.5
09:34:17,0.01,30.00,1.000,0.000,-1.000,,,CLEAR,0,25.5
09:34:18,0.01,30.00,1.000,0.000,-1.000,,,CLEAR,0,25.1
09:34:18,0.02,30.00,1.000,0.000,-1.000,,,CLEAR,0,25.1
09:34:18,0.01,30.00,1.000,0.000,-1.000,,,CLEAR,0,25.1
09:34:18,0.04,30.00,1.000,0.000,-1.000,,,CLEAR,0,25.1
09:34:18,0.00,30.00,1.000,0.000,-1.000,,,CLEAR,0,25.1
09:34:18,0.00,30.00,1.000,0.000,-1.000,,,CLEAR,0,25.1
09:34:19,0.00,30.00,1.000,0.000,-1.000,,,CLEAR,0,27.2
09:34:19,0.00,30.00,1.000,0.000,-1.000,,,CLEAR,0,27.2
09:34:19,0.04,30.00,1.000,0.000,-1.000,,,CLEAR,0,27.2
09:34:19,0.00,30.00,1.000,0.000,-1.000,,,CLEAR,0,27.2
09:34:19,0.00,30.00,1.000,0.000,-1.000,,,CLEAR,0,27.2
09:34:20,0.00,30.00,1.000,0.000,-1.000,,,CLEAR,0,26.9
09:34:20,0.01,30.00,1.000,0.000,-1.000,,,CLEAR,0,26.9
09:34:20,0.01,30.00,1.000,0.000,-1.000,,,CLEAR,0,26.9
09:34:20,0.02,30.00,1.000,0.000,-1.000,,,CLEAR,0,26.9
09:34:20,0.02,30.00,1.000,0.000,-1.000,,,CLEAR,0,26.9
09:34:20,0.01,30.00,1.000,0.000,-1.000,,,CLEAR,0,26.9
09:34:21,0.01,30.00,1.000,0.000,-1.000,,,CLEAR,0,27.0
09:34:21,0.03,30.00,1.000,0.000,-1.000,,,CLEAR,0,27.0
09:34:21,0.00,30.00,1.000,0.000,-1.000,,,CLEAR,0,27.0
09:34:21,0.00,30.00,1.000,0.000,-1.000,,,CLEAR,0,27.0
09:34:21,0.00,30.00,1.000,0.000,-1.000,,,CLEAR,0,27.0
09:34:22,0.01,30.00,1.000,0.000,-1.000,,,CLEAR,0,27.4
09:34:22,0.01,30.00,1.000,0.000,-1.000,,,CLEAR,0,27.4
09:34:22,0.03,30.00,1.000,0.000,-1.000,,,CLEAR,0,27.4
09:34:22,0.02,30.00,1.000,0.000,-1.000,,,CLEAR,0,27.4
09:34:22,0.02,30.00,1.000,0.000,-1.000,,,CLEAR,0,27.4
09:34:22,0.01,30.00,1.000,0.000,-1.000,,,CLEAR,0,27.4
09:34:23,0.01,30.00,1.000,0.000,-1.000,,,CLEAR,0,27.5
09:34:23,0.01,30.00,1.000,0.000,-1.000,,,CLEAR,0,27.5
09:34:23,0.03,30.00,1.000,0.000,-1.000,,,CLEAR,0,27.5
09:34:23,0.01,30.00,1.000,0.000,-1.000,,,CLEAR,0,27.5
09:34:23,0.00,30.00,1.000,0.000,-1.000,,,CLEAR,0,27.5
09:34:24,0.00,30.00,1.000,0.000,-1.000,,,CLEAR,0,27.8
09:34:24,0.01,30.00,1.000,0.000,-1.000,,,CLEAR,0,27.8
09:34:24,0.01,30.00,1.000,0.000,-1.000,,,CLEAR,0,27.8
09:34:24,0.00,30.00,1.000,0.000,-1.000,,,CLEAR,0,27.8
09:34:24,0.00,30.00,1.000,0.000,-1.000,,,CLEAR,0,27.8
09:34:24,0.02,30.00,1.000,0.000,-1.000,,,CLEAR,0,27.8
09:34:25,0.02,30.00,1.000,0.000,-1.000,,,CLEAR,0,27.8
09:34:25,0.01,30.00,1.000,0.000,-1.000,,,CLEAR,0,27.8
09:34:25,0.00,30.00,1.000,0.000,-1.000,,,CLEAR,0,27.8
09:34:25,0.00,30.00,1.000,0.000,-1.000,,,CLEAR,0,27.8
09:34:25,0.02,30.00,1.000,0.000,-1.000,,,CLEAR,0,27.8
09:34:26,0.01,30.00,1.000,0.000,-1.000,,,CLEAR,0,27.8
09:34:26,0.01,30.00,1.000,0.000,-1.000,,,CLEAR,0,27.1
09:34:26,0.00,30.00,1.000,0.000,-1.000,,,CLEAR,0,27.1
09:34:26,0.01,30.00,1.000,0.000,-1.000,,,CLEAR,0,27.1
09:34:26,0.00,30.00,1.000,0.000,-1.000,,,CLEAR,0,27.1
09:34:26,0.02,30.00,1.000,0.000,-1.000,,,CLEAR,0,27.1
09:34:27,0.01,30.00,1.000,0.000,-1.000,,,CLEAR,0,27.8
09:34:27,0.01,30.00,1.000,0.000,-1.000,,,CLEAR,0,27.8
09:34:27,0.02,30.00,1.000,0.000,-1.000,,,CLEAR,0,27.8
09:34:27,0.02,30.00,1.000,0.000,-1.000,,,CLEAR,0,27.8
09:34:27,0.01,30.00,1.000,0.000,-1.000,,,CLEAR,0,27.8
09:34:28,0.02,30.00,1.000,0.000,-1.000,,,CLEAR,0,27.8
09:34:28,0.01,30.00,1.000,0.000,-1.000,,,CLEAR,0,27.6
09:34:28,0.00,30.00,1.000,0.000,-1.000,,,CLEAR,0,27.6
09:34:28,0.02,30.00,1.000,0.000,-1.000,,,CLEAR,0,27.6
09:34:28,0.01,30.00,1.000,0.000,-1.000,,,CLEAR,0,27.6
09:34:28,0.01,30.00,1.000,0.000,-1.000,,,CLEAR,0,27.6
09:34:29,0.01,30.00,1.000,0.000,-1.000,,,CLEAR,0,27.2
09:34:29,0.01,30.00,1.000,0.000,-1.000,,,CLEAR,0,27.2
09:34:29,0.01,30.00,1.000,0.000,-1.000,,,CLEAR,0,27.2
09:34:29,0.01,30.00,1.000,0.000,-1.000,,,CLEAR,0,27.2
09:34:29,0.01,30.00,1.000,0.000,-1.000,,,CLEAR,0,27.2
09:34:30,0.00,30.00,1.000,0.000,-1.000,,,CLEAR,0,27.2
09:34:30,0.02,30.00,1.000,0.000,-1.000,,,CLEAR,0,26.4
09:34:30,0.03,30.00,1.000,0.000,-1.000,,,CLEAR,0,26.4
09:34:30,0.01,30.00,1.000,0.000,-1.000,,,CLEAR,0,26.4
09:34:30,0.01,30.00,1.000,0.000,-1.000,,,CLEAR,0,26.4
09:34:31,0.03,30.00,1.000,0.000,-1.000,,,CLEAR,0,26.4
09:34:31,0.01,30.00,1.000,0.000,-1.000,,,CLEAR,0,26.8
09:34:31,0.01,30.00,1.000,0.000,-1.000,,,CLEAR,0,26.8
09:34:31,0.04,30.00,1.000,0.000,-1.000,,,CLEAR,0,26.8
09:34:31,0.01,30.00,1.000,0.000,-1.000,,,CLEAR,0,26.8
09:34:31,0.01,30.00,1.000,0.000,-1.000,,,CLEAR,0,26.8
09:34:32,0.00,30.00,1.000,0.000,-1.000,,,CLEAR,0,26.8
09:34:32,0.01,30.00,1.000,0.000,-1.000,,,CLEAR,0,28.2
09:34:32,0.02,30.00,1.000,0.000,-1.000,,,CLEAR,0,28.2
09:34:32,0.03,30.00,1.000,0.000,-1.000,,,CLEAR,0,28.2
09:34:32,0.00,30.00,1.000,0.000,-1.000,,,CLEAR,0,28.2
09:34:32,0.01,30.00,1.000,0.000,-1.000,,,CLEAR,0,28.2
09:34:33,0.02,30.00,1.000,0.000,-1.000,,,CLEAR,0,28.2
09:34:33,0.01,30.00,1.000,0.000,-1.000,,,CLEAR,0,28.6
09:34:33,0.01,30.00,1.000,0.000,-1.000,,,CLEAR,0,28.6
09:34:33,0.01,30.00,1.000,0.000,-1.000,,,CLEAR,0,28.6
09:34:33,0.01,30.00,1.000,0.000,-1.000,,,CLEAR,0,28.6
09:34:34,0.01,30.00,1.000,0.000,-1.000,,,CLEAR,0,28.6
09:34:34,0.00,30.00,1.000,0.000,-1.000,,,CLEAR,0,28.6
09:34:34,0.00,30.00,1.000,0.000,-1.000,,,CLEAR,0,28.1
09:34:34,0.01,30.00,1.000,0.000,-1.000,,,CLEAR,0,28.1
09:34:34,0.01,30.00,1.000,0.000,-1.000,,,CLEAR,0,28.1
09:34:34,0.00,30.00,1.000,0.000,-1.000,,,CLEAR,0,28.1
09:34:35,0.00,30.00,1.000,0.000,-1.000,,,CLEAR,0,28.1
09:34:35,0.01,30.00,1.000,0.000,-1.000,,,CLEAR,0,27.6
09:34:35,0.02,30.00,1.000,0.000,-1.000,,,CLEAR,0,27.6
09:34:35,0.02,30.00,1.000,0.000,-1.000,,,CLEAR,0,27.6
09:34:35,0.00,30.00,1.000,0.000,-1.000,,,CLEAR,0,27.6
09:34:36,0.01,30.00,1.000,0.000,-1.000,,,CLEAR,0,27.6
09:34:36,0.01,30.00,1.000,0.000,-1.000,,,CLEAR,0,27.6
09:34:36,0.00,30.00,1.000,0.000,-1.000,,,CLEAR,0,27.3
09:34:36,0.01,30.00,1.000,0.000,-1.000,,,CLEAR,0,27.3
09:34:36,0.02,30.00,1.000,0.000,-1.000,,,CLEAR,0,27.3
09:34:36,0.01,30.00,1.000,0.000,-1.000,,,CLEAR,0,27.3
09:34:37,0.02,30.00,1.000,0.000,-1.000,,,CLEAR,0,27.3
09:34:37,0.00,30.00,1.000,0.000,-1.000,,,CLEAR,0,27.9
09:34:37,0.03,30.00,1.000,0.000,-1.000,,,CLEAR,0,27.9
09:34:37,0.00,30.00,1.000,0.000,-1.000,,,CLEAR,0,27.9
09:34:37,0.01,30.00,1.000,0.000,-1.000,,,CLEAR,0,27.9
09:34:38,0.02,30.00,1.000,0.000,-1.000,,,CLEAR,0,27.9
09:34:38,0.01,30.00,1.000,0.000,-1.000,,,CLEAR,0,27.9
09:34:38,0.03,30.00,1.000,0.000,-1.000,,,CLEAR,0,27.6
09:34:38,0.02,30.00,1.000,0.000,-1.000,,,CLEAR,0,27.6
09:34:38,0.02,30.00,1.000,0.000,-1.000,,,CLEAR,0,27.6
09:34:38,0.01,30.00,1.000,0.000,-1.000,,,CLEAR,0,27.6
09:34:39,0.01,30.00,1.000,0.000,-1.000,,,CLEAR,0,27.6
09:34:39,0.03,30.00,1.000,0.000,-1.000,,,CLEAR,0,27.6
09:34:39,0.01,30.00,1.000,0.000,-1.000,,,CLEAR,0,27.7
09:34:39,0.01,30.00,1.000,0.000,-1.000,,,CLEAR,0,27.7
09:34:39,0.02,30.00,1.000,0.000,-1.000,,,CLEAR,0,27.7
09:34:40,0.00,30.00,1.000,0.000,-1.000,,,CLEAR,0,27.7
09:34:40,0.01,30.00,1.000,0.000,-1.000,,,CLEAR,0,27.7
09:34:40,0.01,30.00,1.000,0.000,-1.000,,,CLEAR,0,27.6
09:34:40,0.01,30.00,1.000,0.000,-1.000,,,CLEAR,0,27.6
09:34:40,0.01,30.00,1.000,0.000,-1.000,,,CLEAR,0,27.6
09:34:40,0.03,30.00,1.000,0.000,-1.000,,,CLEAR,0,27.6
09:34:41,0.01,30.00,1.000,0.000,-1.000,,,CLEAR,0,27.6
09:34:41,0.01,30.00,1.000,0.000,-1.000,,,CLEAR,0,27.6
09:34:41,0.00,30.00,1.000,0.000,-1.000,,,CLEAR,0,27.7
09:34:41,0.01,30.00,1.000,0.000,-1.000,,,CLEAR,0,27.7
09:34:41,0.00,30.00,1.000,0.000,-1.000,,,CLEAR,0,27.7
09:34:42,0.02,30.00,1.000,0.000,-1.000,,,CLEAR,0,27.7
09:34:42,0.00,30.00,1.000,0.000,-1.000,,,CLEAR,0,27.7
09:34:42,0.01,30.00,1.000,0.000,-1.000,,,CLEAR,0,27.7
09:34:42,0.01,30.00,1.000,0.000,-1.000,,,CLEAR,0,27.7
09:34:42,0.02,30.00,1.000,0.000,-1.000,,,CLEAR,0,27.7
09:34:42,0.01,30.00,1.000,0.000,-1.000,,,CLEAR,0,27.7
09:34:43,0.02,30.00,1.000,0.000,-1.000,,,CLEAR,0,27.7
09:34:43,0.02,30.00,1.000,0.000,-1.000,,,CLEAR,0,27.7
09:34:43,0.01,30.00,1.000,0.000,-1.000,,,CLEAR,0,26.3
09:34:43,0.01,30.00,1.000,0.000,-1.000,,,CLEAR,0,26.3
09:34:43,0.02,30.00,1.000,0.000,-1.000,,,CLEAR,0,26.3
09:34:44,0.00,30.00,1.000,0.000,-1.000,,,CLEAR,0,26.3
09:34:44,0.01,30.00,1.000,0.000,-1.000,,,CLEAR,0,26.3
09:34:44,0.01,30.00,1.000,0.000,-1.000,,,CLEAR,0,27.9
09:34:44,0.01,30.00,1.000,0.000,-1.000,,,CLEAR,0,27.9
09:34:44,0.02,30.00,1.000,0.000,-1.000,,,CLEAR,0,27.9
09:34:44,0.01,30.00,1.000,0.000,-1.000,,,CLEAR,0,27.9
09:34:45,0.04,30.00,1.000,0.000,-1.000,,,CLEAR,0,27.9
09:34:45,0.02,30.00,1.000,0.000,-1.000,,,CLEAR,0,27.9
09:34:45,0.00,30.00,1.000,0.000,-1.000,,,CLEAR,0,28.1
09:34:45,0.02,30.00,1.000,0.000,-1.000,,,CLEAR,0,28.1
09:34:45,0.03,30.00,1.000,0.000,-1.000,,,CLEAR,0,28.1
09:34:46,0.07,30.00,1.000,0.000,-1.000,,,CLEAR,0,28.1
09:34:46,0.00,30.00,1.000,0.000,-1.000,,,CLEAR,0,28.1
09:34:46,0.03,30.00,1.000,0.000,-1.000,,,CLEAR,0,28.1
09:34:46,0.00,30.00,1.000,0.000,-1.000,,,CLEAR,0,27.4
09:34:46,0.01,30.00,1.000,0.000,-1.000,,,CLEAR,0,27.4
09:34:46,0.02,30.00,1.000,0.000,-1.000,,,CLEAR,0,27.4
09:34:47,0.01,30.00,1.000,0.000,-1.000,,,CLEAR,0,27.4
09:34:47,0.03,30.00,1.000,0.000,-1.000,,,CLEAR,0,27.4
09:34:47,0.01,30.00,1.000,0.000,-1.000,,,CLEAR,0,27.4
09:34:47,0.01,30.00,1.000,0.000,-1.000,,,CLEAR,0,27.4
09:34:47,0.02,30.00,1.000,0.000,-1.000,,,CLEAR,0,27.4
09:34:48,0.02,30.00,1.000,0.000,-1.000,,,CLEAR,0,27.4
09:34:48,0.04,30.00,1.000,0.000,-1.000,,,CLEAR,0,27.4
09:34:48,0.03,30.00,1.000,0.000,-1.000,,,CLEAR,0,27.4
09:34:48,0.01,30.00,1.000,0.000,-1.000,,,CLEAR,0,27.3
09:34:48,0.01,30.00,1.000,0.000,-1.000,,,CLEAR,0,27.3
09:34:48,0.01,30.00,1.000,0.000,-1.000,,,CLEAR,0,27.3
09:34:49,0.02,30.00,1.000,0.000,-1.000,,,CLEAR,0,27.3
09:34:49,0.01,30.00,1.000,0.000,-1.000,,,CLEAR,0,27.3
09:34:49,0.01,30.00,1.000,0.000,-1.000,,,CLEAR,0,27.3
09:34:49,0.00,30.00,1.000,0.000,-1.000,,,CLEAR,0,27.5
09:34:49,0.01,30.00,1.000,0.000,-1.000,,,CLEAR,0,27.5
09:34:50,0.01,30.00,1.000,0.000,-1.000,,,CLEAR,0,27.5
09:34:50,0.01,30.00,1.000,0.000,-1.000,,,CLEAR,0,27.5
09:34:50,0.01,30.00,1.000,0.000,-1.000,,,CLEAR,0,27.5
09:34:50,0.01,30.00,1.000,0.000,-1.000,,,CLEAR,0,27.5
09:34:50,0.01,30.00,1.000,0.000,-1.000,,,CLEAR,0,27.5
09:34:50,0.03,30.00,1.000,0.000,-1.000,,,CLEAR,0,27.5
09:34:51,0.00,30.00,1.000,0.000,-1.000,,,CLEAR,0,27.5
09:34:51,0.01,30.00,1.000,0.000,-1.000,,,CLEAR,0,27.5
09:34:51,0.00,30.00,1.000,0.000,-1.000,,,CLEAR,0,27.5
09:34:51,0.01,30.00,1.000,0.000,-1.000,,,CLEAR,0,26.6
09:34:51,0.01,30.00,1.000,0.000,-1.000,,,CLEAR,0,26.6
09:34:52,0.01,30.00,1.000,0.000,-1.000,,,CLEAR,0,26.6
09:34:52,0.00,30.00,1.000,0.000,-1.000,,,CLEAR,0,26.6
09:34:52,0.00,30.00,1.000,0.000,-1.000,,,CLEAR,0,26.6
09:34:52,0.01,30.00,1.000,0.000,-1.000,,,CLEAR,0,27.0
09:34:52,0.01,30.00,1.000,0.000,-1.000,,,CLEAR,0,27.0
09:34:53,0.01,30.00,1.000,0.000,-1.000,,,CLEAR,0,27.0
09:34:53,0.01,30.00,1.000,0.000,-1.000,,,CLEAR,0,27.0
09:34:53,0.01,30.00,1.000,0.000,-1.000,,,CLEAR,0,27.0
09:34:53,0.01,30.00,1.000,0.000,-1.000,,,CLEAR,0,27.0
09:34:53,0.03,30.00,1.000,0.000,-1.000,,,CLEAR,0,26.6
09:34:53,0.01,30.00,1.000,0.000,-1.000,,,CLEAR,0,26.6
09:34:54,0.01,30.00,1.000,0.000,-1.000,,,CLEAR,0,26.6
09:34:54,0.02,30.00,1.000,0.000,-1.000,,,CLEAR,0,26.6
09:34:54,0.01,30.00,1.000,0.000,-1.000,,,CLEAR,0,26.6
09:34:54,0.01,30.00,1.000,0.000,-1.000,,,CLEAR,0,27.0
09:34:54,0.01,30.00,1.000,0.000,-1.000,,,CLEAR,0,27.0
09:34:55,0.01,30.00,1.000,0.000,-1.000,,,CLEAR,0,27.0
09:34:55,0.01,30.00,1.000,0.000,-1.000,,,CLEAR,0,27.0
09:34:55,0.00,30.00,1.000,0.000,-1.000,,,CLEAR,0,27.0
09:34:55,0.01,30.00,1.000,0.000,-1.000,,,CLEAR,0,27.0
09:34:55,0.02,30.00,1.000,0.000,-1.000,,,CLEAR,0,27.2
09:34:55,0.01,30.00,1.000,0.000,-1.000,,,CLEAR,0,27.2
09:34:56,0.01,30.00,1.000,0.000,-1.000,,,CLEAR,0,27.2
09:34:56,0.01,30.00,1.000,0.000,-1.000,,,CLEAR,0,27.2
09:34:56,0.00,30.00,1.000,0.000,-1.000,,,CLEAR,0,27.2
09:34:56,0.00,30.00,1.000,0.000,-1.000,,,CLEAR,0,27.5
09:34:56,0.02,30.00,1.000,0.000,-1.000,,,CLEAR,0,27.5
09:34:57,0.00,30.00,1.000,0.000,-1.000,,,CLEAR,0,27.5
09:34:57,0.05,30.00,1.000,0.000,-1.000,,,CLEAR,0,27.5
09:34:57,0.01,30.00,1.000,0.000,-1.000,,,CLEAR,0,27.5
09:34:57,0.01,30.00,1.000,0.000,-1.000,,,CLEAR,0,27.5
09:34:57,0.00,30.00,1.000,0.000,-1.000,,,CLEAR,0,27.5
09:34:57,0.00,30.00,1.000,0.000,-1.000,,,CLEAR,0,27.5
09:34:58,0.01,30.00,1.000,0.000,-1.000,,,CLEAR,0,27.5
09:34:58,0.01,30.00,1.000,0.000,-1.000,,,CLEAR,0,27.5
09:34:58,0.01,30.00,1.000,0.000,-1.000,,,CLEAR,0,27.5
09:34:58,0.01,30.00,1.000,0.000,-1.000,,,CLEAR,0,27.4
09:34:58,0.01,30.00,1.000,0.000,-1.000,,,CLEAR,0,27.4
09:34:59,0.01,30.00,1.000,0.000,-1.000,,,CLEAR,0,27.4
09:34:59,0.00,30.00,1.000,0.000,-1.000,,,CLEAR,0,27.4
09:34:59,0.03,30.00,1.000,0.000,-1.000,,,CLEAR,0,27.4
09:34:59,0.01,30.00,1.000,0.000,-1.000,,,CLEAR,0,27.4
09:34:59,0.04,30.00,1.000,0.000,-1.000,,,CLEAR,0,28.3
09:34:59,0.01,30.00,1.000,0.000,-1.000,,,CLEAR,0,28.3
09:35:00,0.01,30.00,1.000,0.000,-1.000,,,CLEAR,0,28.3
09:35:00,0.03,30.00,1.000,0.000,-1.000,,,CLEAR,0,28.3
09:35:00,0.01,30.00,1.000,0.000,-1.000,,,CLEAR,0,28.3
09:35:00,0.00,30.00,1.000,0.000,-1.000,,,CLEAR,0,28.3
09:35:00,0.01,30.00,1.000,0.000,-1.000,,,CLEAR,0,27.0
09:35:01,0.02,30.00,1.000,0.000,-1.000,,,CLEAR,0,27.0
09:35:01,0.01,30.00,1.000,0.000,-1.000,,,CLEAR,0,27.0
09:35:01,0.01,30.00,1.000,0.000,-1.000,,,CLEAR,0,27.0
09:35:01,0.01,30.00,1.000,0.000,-1.000,,,CLEAR,0,27.0
09:35:01,0.03,30.00,1.000,0.000,-1.000,,,CLEAR,0,27.4
09:35:01,0.01,30.00,1.000,0.000,-1.000,,,CLEAR,0,27.4
09:35:02,0.01,30.00,1.000,0.000,-1.000,,,CLEAR,0,27.4
09:35:02,0.00,30.00,1.000,0.000,-1.000,,,CLEAR,0,27.4
09:35:02,0.00,30.00,1.000,0.000,-1.000,,,CLEAR,0,27.4
09:35:02,0.01,30.00,1.000,0.000,-1.000,,,CLEAR,0,27.4
09:35:02,0.01,30.00,1.000,0.000,-1.000,,,CLEAR,0,27.4
09:35:03,0.01,30.00,1.000,0.000,-1.000,,,CLEAR,0,27.4
09:35:03,0.02,30.00,1.000,0.000,-1.000,,,CLEAR,0,27.4
09:35:03,0.01,30.00,1.000,0.000,-1.000,,,CLEAR,0,27.4
09:35:03,0.01,30.00,1.000,0.000,-1.000,,,CLEAR,0,27.4
09:35:03,0.01,30.00,1.000,0.000,-1.000,,,CLEAR,0,27.4
09:35:03,0.01,30.00,1.000,0.000,-1.000,,,CLEAR,0,27.2
09:35:04,0.03,30.00,1.000,0.000,-1.000,,,CLEAR,0,27.2
09:35:04,0.02,30.00,1.000,0.000,-1.000,,,CLEAR,0,27.2
09:35:04,0.03,30.00,1.000,0.000,-1.000,,,CLEAR,0,27.2
09:35:04,0.02,30.00,1.000,0.000,-1.000,,,CLEAR,0,27.2
09:35:04,0.03,30.00,1.000,0.000,-1.000,,,CLEAR,0,27.1
09:35:05,0.04,30.00,1.000,0.000,-1.000,,,CLEAR,0,27.1
09:35:05,0.01,30.00,1.000,0.000,-1.000,,,CLEAR,0,27.1
09:35:05,0.04,30.00,1.000,0.000,-1.000,,,CLEAR,0,27.1
09:35:05,0.01,30.00,1.000,0.000,-1.000,,,CLEAR,0,27.1
09:35:05,0.04,30.00,1.000,0.000,-1.000,,,CLEAR,0,27.1
09:35:06,0.01,30.00,1.000,0.000,-1.000,,,CLEAR,0,26.9
09:35:06,0.05,30.00,1.000,0.000,-1.000,,,CLEAR,0,26.9
09:35:06,0.02,30.00,1.000,0.000,-1.000,,,CLEAR,0,26.9
09:35:06,0.01,30.00,1.000,0.000,-1.000,,,CLEAR,0,26.9
09:35:06,0.01,30.00,1.000,0.000,-1.000,,,CLEAR,0,26.9
09:35:06,0.01,30.00,1.000,0.000,-1.000,,,CLEAR,0,27.5
09:35:07,0.01,30.00,1.000,0.000,-1.000,,,CLEAR,0,27.5
09:35:07,0.01,30.00,1.000,0.000,-1.000,,,CLEAR,0,27.5
09:35:07,0.00,30.00,1.000,0.000,-1.000,,,CLEAR,0,27.5
09:35:07,0.00,30.00,1.000,0.000,-1.000,,,CLEAR,0,27.5
09:35:07,0.00,30.00,1.000,0.000,-1.000,,,CLEAR,0,27.5
09:35:08,0.01,30.00,1.000,0.000,-1.000,,,CLEAR,0,26.8
09:35:08,0.01,30.00,1.000,0.000,-1.000,,,CLEAR,0,26.8
09:35:08,0.01,30.00,1.000,0.000,-1.000,,,CLEAR,0,26.8
09:35:08,0.01,30.00,1.000,0.000,-1.000,,,CLEAR,0,26.8
09:35:08,0.01,30.00,1.000,0.000,-1.000,,,CLEAR,0,26.8
09:35:08,0.03,30.00,1.000,0.000,-1.000,,,CLEAR,0,26.8
09:35:09,0.03,30.00,1.000,0.000,-1.000,,,CLEAR,0,26.8
09:35:09,0.01,30.00,1.000,0.000,-1.000,,,CLEAR,0,26.8
09:35:09,0.02,30.00,1.000,0.000,-1.000,,,CLEAR,0,26.8
09:35:09,0.01,30.00,1.000,0.000,-1.000,,,CLEAR,0,26.8
09:35:09,0.01,30.00,1.000,0.000,-1.000,,,CLEAR,0,26.8
09:35:10,0.01,30.00,1.000,0.000,-1.000,,,CLEAR,0,28.0
09:35:10,0.01,30.00,1.000,0.000,-1.000,,,CLEAR,0,28.0
09:35:10,0.01,30.00,1.000,0.000,-1.000,,,CLEAR,0,28.0
09:35:10,0.01,30.00,1.000,0.000,-1.000,,,CLEAR,0,28.0
09:35:10,0.03,30.00,1.000,0.000,-1.000,,,CLEAR,0,28.0
09:35:10,0.01,30.00,1.000,0.000,-1.000,,,CLEAR,0,27.9
09:35:11,0.01,30.00,1.000,0.000,-1.000,,,CLEAR,0,27.9
09:35:11,0.01,30.00,1.000,0.000,-1.000,,,CLEAR,0,27.9
09:35:11,0.02,30.00,1.000,0.000,-1.000,,,CLEAR,0,27.9
09:35:11,0.02,30.00,1.000,0.000,-1.000,,,CLEAR,0,27.9
09:35:11,0.02,30.00,1.000,0.000,-1.000,,,CLEAR,0,27.9
09:35:12,0.04,30.00,1.000,0.000,-1.000,,,CLEAR,0,27.3
09:35:12,0.01,30.00,1.000,0.000,-1.000,,,CLEAR,0,27.3
09:35:12,0.02,30.00,1.000,0.000,-1.000,,,CLEAR,0,27.3
09:35:12,0.00,30.00,1.000,0.000,-1.000,,,CLEAR,0,27.3
09:35:12,0.01,30.00,1.000,0.000,-1.000,,,CLEAR,0,27.3
09:35:12,0.00,30.00,1.000,0.000,-1.000,,,CLEAR,0,27.0
09:35:13,0.01,30.00,1.000,0.000,-1.000,,,CLEAR,0,27.0
09:35:13,0.01,30.00,1.000,0.000,-1.000,,,CLEAR,0,27.0
09:35:13,0.00,30.00,1.000,0.000,-1.000,,,CLEAR,0,27.0
09:35:13,0.01,30.00,1.000,0.000,-1.000,,,CLEAR,0,27.0
09:35:13,0.03,30.00,1.000,0.000,-1.000,,,CLEAR,0,27.0
09:35:14,0.03,30.00,1.000,0.000,-1.000,,,CLEAR,0,27.8
09:35:14,0.02,30.00,1.000,0.000,-1.000,,,CLEAR,0,27.8
09:35:14,0.01,30.00,1.000,0.000,-1.000,,,CLEAR,0,27.8
09:35:14,0.01,30.00,1.000,0.000,-1.000,,,CLEAR,0,27.8
09:35:14,0.01,30.00,1.000,0.000,-1.000,,,CLEAR,0,27.8
09:35:14,0.01,30.00,1.000,0.000,-1.000,,,CLEAR,0,27.8
09:35:15,0.01,30.00,1.000,0.000,-1.000,,,CLEAR,0,28.0
09:35:15,0.01,30.00,1.000,0.000,-1.000,,,CLEAR,0,28.0
09:35:15,0.00,30.00,1.000,0.000,-1.000,,,CLEAR,0,28.0
09:35:15,0.01,30.00,1.000,0.000,-1.000,,,CLEAR,0,28.0
09:35:15,0.03,30.00,1.000,0.000,-1.000,,,CLEAR,0,28.0
09:35:16,0.01,30.00,1.000,0.000,-1.000,,,CLEAR,0,26.2
09:35:16,0.03,30.00,1.000,0.000,-1.000,,,CLEAR,0,26.2
09:35:16,0.00,30.00,1.000,0.000,-1.000,,,CLEAR,0,26.2
09:35:16,0.01,30.00,1.000,0.000,-1.000,,,CLEAR,0,26.2
09:35:16,0.01,30.00,1.000,0.000,-1.000,,,CLEAR,0,26.2
09:35:17,0.01,30.00,1.000,0.000,-1.000,,,CLEAR,0,26.2
09:35:17,0.00,30.00,1.000,0.000,-1.000,,,CLEAR,0,26.8
09:35:17,0.00,30.00,1.000,0.000,-1.000,,,CLEAR,0,26.8
09:35:17,0.01,30.00,1.000,0.000,-1.000,,,CLEAR,0,26.8
09:35:17,0.01,30.00,1.000,0.000,-1.000,,,CLEAR,0,26.8
09:35:17,0.01,30.00,1.000,0.000,-1.000,,,CLEAR,0,26.8
09:35:18,0.01,30.00,1.000,0.000,-1.000,,,CLEAR,0,28.1
09:35:18,0.01,30.00,1.000,0.000,-1.000,,,CLEAR,0,28.1
09:35:18,0.02,30.00,1.000,0.000,-1.000,,,CLEAR,0,28.1
09:35:18,0.01,30.00,1.000,0.000,-1.000,,,CLEAR,0,28.1
09:35:18,0.01,30.00,1.000,0.000,-1.000,,,CLEAR,0,28.1
09:35:18,0.01,30.00,1.000,0.000,-1.000,,,CLEAR,0,28.1
09:35:19,0.01,30.00,1.000,0.000,-1.000,,,CLEAR,0,27.8
09:35:19,0.02,30.00,1.000,0.000,-1.000,,,CLEAR,0,27.8
09:35:19,0.00,30.00,1.000,0.000,-1.000,,,CLEAR,0,27.8
09:35:19,0.02,30.00,1.000,0.000,-1.000,,,CLEAR,0,27.8
09:35:19,0.01,30.00,1.000,0.000,-1.000,,,CLEAR,0,27.8
09:35:20,0.01,30.00,1.000,0.000,-1.000,,,CLEAR,0,27.8
09:35:20,0.00,30.00,1.000,0.000,-1.000,,,CLEAR,0,28.3
09:35:20,0.00,30.00,1.000,0.000,-1.000,,,CLEAR,0,28.3
09:35:20,0.02,30.00,1.000,0.000,-1.000,,,CLEAR,0,28.3
09:35:20,0.01,30.00,1.000,0.000,-1.000,,,CLEAR,0,28.3
09:35:20,0.03,30.00,1.000,0.000,-1.000,,,CLEAR,0,28.3
09:35:21,0.01,30.00,1.000,0.000,-1.000,,,CLEAR,0,27.9
09:35:21,0.00,30.00,1.000,0.000,-1.000,,,CLEAR,0,27.9
09:35:21,0.01,30.00,1.000,0.000,-1.000,,,CLEAR,0,27.9
09:35:21,0.00,30.00,1.000,0.000,-1.000,,,CLEAR,0,27.9
09:35:21,0.04,30.00,1.000,0.000,-1.000,,,CLEAR,0,27.9
09:35:22,0.01,30.00,1.000,0.000,-1.000,,,CLEAR,0,27.9
09:35:22,0.01,30.00,1.000,0.000,-1.000,,,CLEAR,0,26.9
09:35:22,0.01,30.00,1.000,0.000,-1.000,,,CLEAR,0,26.9
09:35:22,0.01,30.00,1.000,0.000,-1.000,,,CLEAR,0,26.9
09:35:22,0.00,30.00,1.000,0.000,-1.000,,,CLEAR,0,26.9
09:35:22,0.03,30.00,1.000,0.000,-1.000,,,CLEAR,0,26.9
09:35:23,0.07,30.00,1.000,0.000,-1.000,,,CLEAR,0,26.9
09:35:23,0.01,30.00,1.000,0.000,-1.000,,,CLEAR,0,27.5
09:35:23,0.01,30.00,1.000,0.000,-1.000,,,CLEAR,0,27.5
09:35:23,0.02,30.00,1.000,0.000,-1.000,,,CLEAR,0,27.5
09:35:23,0.01,30.00,1.000,0.000,-1.000,,,CLEAR,0,27.5
09:35:24,0.00,30.00,1.000,0.000,-1.000,,,CLEAR,0,27.5
09:35:24,0.01,30.00,1.000,0.000,-1.000,,,CLEAR,0,27.5
09:35:24,0.01,30.00,1.000,0.000,-1.000,,,CLEAR,0,27.5
09:35:24,0.00,30.00,1.000,0.000,-1.000,,,CLEAR,0,27.5
09:35:24,0.00,30.00,1.000,0.000,-1.000,,,CLEAR,0,27.5
09:35:24,0.01,30.00,1.000,0.000,-1.000,,,CLEAR,0,27.5
09:35:25,0.02,30.00,1.000,0.000,-1.000,,,CLEAR,0,27.5
09:35:25,0.01,30.00,1.000,0.000,-1.000,,,CLEAR,0,27.1
09:35:25,0.01,30.00,1.000,0.000,-1.000,,,CLEAR,0,27.1
09:35:25,0.01,30.00,1.000,0.000,-1.000,,,CLEAR,0,27.1
09:35:25,0.01,30.00,1.000,0.000,-1.000,,,CLEAR,0,27.1
09:35:26,0.01,30.00,1.000,0.000,-1.000,,,CLEAR,0,27.1
09:35:26,0.01,30.00,1.000,0.000,-1.000,,,CLEAR,0,26.7
09:35:26,0.01,30.00,1.000,0.000,-1.000,,,CLEAR,0,26.7
09:35:26,0.05,30.00,1.000,0.000,-1.000,,,CLEAR,0,26.7
09:35:26,0.01,30.00,1.000,0.000,-1.000,,,CLEAR,0,26.7
09:35:27,0.01,30.00,1.000,0.000,-1.000,,,CLEAR,0,26.7
09:35:27,0.01,30.00,1.000,0.000,-1.000,,,CLEAR,0,26.7
09:35:27,0.01,30.00,1.000,0.000,-1.000,,,CLEAR,0,27.3
09:35:27,0.01,30.00,1.000,0.000,-1.000,,,CLEAR,0,27.3
09:35:27,0.01,30.00,1.000,0.000,-1.000,,,CLEAR,0,27.3
09:35:27,0.00,30.00,1.000,0.000,-1.000,,,CLEAR,0,27.3
09:35:28,0.01,30.00,1.000,0.000,-1.000,,,CLEAR,0,27.3
09:35:28,0.01,30.00,1.000,0.000,-1.000,,,CLEAR,0,27.4
09:35:28,0.02,30.00,1.000,0.000,-1.000,,,CLEAR,0,27.4
09:35:28,0.00,30.00,1.000,0.000,-1.000,,,CLEAR,0,27.4
09:35:28,0.00,30.00,1.000,0.000,-1.000,,,CLEAR,0,27.4
09:35:29,0.01,30.00,1.000,0.000,-1.000,,,CLEAR,0,27.4
09:35:29,0.01,30.00,1.000,0.000,-1.000,,,CLEAR,0,27.4
09:35:29,0.02,30.00,1.000,0.000,-1.000,,,CLEAR,0,27.4
09:35:29,0.04,30.00,1.000,0.000,-1.000,,,CLEAR,0,27.4
09:35:29,0.01,30.00,1.000,0.000,-1.000,,,CLEAR,0,27.4
09:35:29,0.00,30.00,1.000,0.000,-1.000,,,CLEAR,0,27.4
09:35:30,0.01,30.00,1.000,0.000,-1.000,,,CLEAR,0,27.4
09:35:30,0.01,30.00,1.000,0.000,-1.000,,,CLEAR,0,27.4
09:35:30,0.01,30.00,1.000,0.000,-1.000,,,CLEAR,0,27.2
09:35:30,0.01,30.00,1.000,0.000,-1.000,,,CLEAR,0,27.2
09:35:30,0.01,30.00,1.000,0.000,-1.000,,,CLEAR,0,27.2
09:35:31,0.01,30.00,1.000,0.000,-1.000,,,CLEAR,0,27.2
09:35:31,0.01,30.00,1.000,0.000,-1.000,,,CLEAR,0,27.2
09:35:31,0.02,30.00,1.000,0.000,-1.000,,,CLEAR,0,27.6
09:35:31,0.01,30.00,1.000,0.000,-1.000,,,CLEAR,0,27.6
09:35:31,0.01,30.00,1.000,0.000,-1.000,,,CLEAR,0,27.6
09:35:31,0.01,30.00,1.000,0.000,-1.000,,,CLEAR,0,27.6
09:35:32,0.02,30.00,1.000,0.000,-1.000,,,CLEAR,0,27.6
09:35:32,0.01,30.00,1.000,0.000,-1.000,,,CLEAR,0,27.6
09:35:32,0.01,30.00,1.000,0.000,-1.000,,,CLEAR,0,27.4
09:35:32,0.02,30.00,1.000,0.000,-1.000,,,CLEAR,0,27.4
09:35:32,0.01,30.00,1.000,0.000,-1.000,,,CLEAR,0,27.4
09:35:33,0.01,30.00,1.000,0.000,-1.000,,,CLEAR,0,27.4
09:35:33,0.01,30.00,1.000,0.000,-1.000,,,CLEAR,0,27.4
09:35:33,0.01,30.00,1.000,0.000,-1.000,,,CLEAR,0,27.4
09:35:33,0.01,30.00,1.000,0.000,-1.000,,,CLEAR,0,28.0
09:35:33,0.01,30.00,1.000,0.000,-1.000,,,CLEAR,0,28.0
09:35:33,0.00,30.00,1.000,0.000,-1.000,,,CLEAR,0,28.0
09:35:34,0.02,30.00,1.000,0.000,-1.000,,,CLEAR,0,28.0
09:35:34,0.04,30.00,1.000,0.000,-1.000,,,CLEAR,0,28.0
09:35:34,0.01,30.00,1.000,0.000,-1.000,,,CLEAR,0,27.6
09:35:34,0.01,30.00,1.000,0.000,-1.000,,,CLEAR,0,27.6
09:35:34,0.01,30.00,1.000,0.000,-1.000,,,CLEAR,0,27.6
09:35:35,0.02,30.00,1.000,0.000,-1.000,,,CLEAR,0,27.6
09:35:35,0.00,30.00,1.000,0.000,-1.000,,,CLEAR,0,27.6
09:35:35,0.00,30.00,1.000,0.000,-1.000,,,CLEAR,0,27.6
09:35:35,0.01,30.00,1.000,0.000,-1.000,,,CLEAR,0,27.2
09:35:35,0.02,30.00,1.000,0.000,-1.000,,,CLEAR,0,27.2
09:35:35,0.03,30.00,1.000,0.000,-1.000,,,CLEAR,0,27.2
09:35:36,0.00,30.00,1.000,0.000,-1.000,,,CLEAR,0,27.2
09:35:36,0.00,30.00,1.000,0.000,-1.000,,,CLEAR,0,27.2
09:35:36,0.00,30.00,1.000,0.000,-1.000,,,CLEAR,0,27.2
09:35:36,0.03,30.00,1.000,0.000,-1.000,,,CLEAR,0,27.2
09:35:36,0.02,30.00,1.000,0.000,-1.000,,,CLEAR,0,27.2
09:35:37,0.00,30.00,1.000,0.000,-1.000,,,CLEAR,0,27.2
09:35:37,0.01,30.00,1.000,0.000,-1.000,,,CLEAR,0,27.2
09:35:37,0.01,30.00,1.000,0.000,-1.000,,,CLEAR,0,27.2
09:35:37,0.00,30.00,1.000,0.000,-1.000,,,CLEAR,0,27.2
09:35:37,0.02,30.00,1.000,0.000,-1.000,,,CLEAR,0,27.2
09:35:37,0.02,30.00,1.000,0.000,-1.000,,,CLEAR,0,27.2
09:35:38,0.01,30.00,1.000,0.000,-1.000,,,CLEAR,0,27.2
09:35:38,0.01,30.00,1.000,0.000,-1.000,,,CLEAR,0,27.2
09:35:38,0.01,30.00,1.000,0.000,-1.000,,,CLEAR,0,27.2
09:35:38,0.02,30.00,1.000,0.000,-1.000,,,CLEAR,0,27.3
09:35:38,0.02,30.00,1.000,0.000,-1.000,,,CLEAR,0,27.3
09:35:39,0.01,30.00,1.000,0.000,-1.000,,,CLEAR,0,27.3
09:35:39,0.00,30.00,1.000,0.000,-1.000,,,CLEAR,0,27.3
09:35:39,0.01,30.00,1.000,0.000,-1.000,,,CLEAR,0,27.3
09:35:39,0.01,30.00,1.000,0.000,-1.000,,,CLEAR,0,25.3
09:35:39,0.01,30.00,1.000,0.000,-1.000,,,CLEAR,0,25.3
09:35:40,0.01,30.00,1.000,0.000,-1.000,,,CLEAR,0,25.3
09:35:40,0.01,30.00,1.000,0.000,-1.000,,,CLEAR,0,25.3
09:35:40,0.06,30.00,1.000,0.000,-1.000,,,CLEAR,0,25.3
09:35:40,0.00,30.00,1.000,0.000,-1.000,,,CLEAR,0,26.3
09:35:40,0.03,30.00,1.000,0.000,-1.000,,,CLEAR,0,26.3
09:35:41,0.02,30.00,1.000,0.000,-1.000,,,CLEAR,0,26.3
09:35:41,0.01,30.00,1.000,0.000,-1.000,,,CLEAR,0,26.3
09:35:41,0.03,30.00,1.000,0.000,-1.000,,,CLEAR,0,26.3
09:35:41,0.01,30.00,1.000,0.000,-1.000,,,CLEAR,0,26.3
09:35:41,0.01,30.00,1.000,0.000,-1.000,,,CLEAR,0,26.4
09:35:41,0.02,30.00,1.000,0.000,-1.000,,,CLEAR,0,26.4
09:35:42,0.00,30.00,1.000,0.000,-1.000,,,CLEAR,0,26.4
09:35:42,0.01,30.00,1.000,0.000,-1.000,,,CLEAR,0,26.4
09:35:42,0.01,30.00,1.000,0.000,-1.000,,,CLEAR,0,26.4
09:35:42,0.02,30.00,1.000,0.000,-1.000,,,CLEAR,0,26.7
09:35:42,0.01,30.00,1.000,0.000,-1.000,,,CLEAR,0,26.7
09:35:43,0.01,30.00,1.000,0.000,-1.000,,,CLEAR,0,26.7
09:35:43,0.01,30.00,1.000,0.000,-1.000,,,CLEAR,0,26.7
09:35:43,0.00,30.00,1.000,0.000,-1.000,,,CLEAR,0,26.7
09:35:43,0.04,30.00,1.000,0.000,-1.000,,,CLEAR,0,26.7
09:35:43,0.01,30.00,1.000,0.000,-1.000,,,CLEAR,0,27.0
09:35:44,0.01,30.00,1.000,0.000,-1.000,,,CLEAR,0,27.0
09:35:44,0.02,30.00,1.000,0.000,-1.000,,,CLEAR,0,27.0
09:35:44,0.02,30.00,1.000,0.000,-1.000,,,CLEAR,0,27.0
09:35:44,0.02,30.00,1.000,0.000,-1.000,,,CLEAR,0,27.0
09:35:44,0.00,30.00,1.000,0.000,-1.000,,,CLEAR,0,26.8
09:35:44,0.00,30.00,1.000,0.000,-1.000,,,CLEAR,0,26.8
09:35:45,0.00,30.00,1.000,0.000,-1.000,,,CLEAR,0,26.8
09:35:45,0.00,30.00,1.000,0.000,-1.000,,,CLEAR,0,26.8
09:35:45,0.01,30.00,1.000,0.000,-1.000,,,CLEAR,0,26.8
09:35:45,0.03,30.00,1.000,0.000,-1.000,,,CLEAR,0,26.3
09:35:45,0.00,30.00,1.000,0.000,-1.000,,,CLEAR,0,26.3
09:35:46,0.03,30.00,1.000,0.000,-1.000,,,CLEAR,0,26.3
09:35:46,0.03,30.00,1.000,0.000,-1.000,,,CLEAR,0,26.3
09:35:46,0.02,30.00,1.000,0.000,-1.000,,,CLEAR,0,26.3
09:35:46,0.01,30.00,1.000,0.000,-1.000,,,CLEAR,0,26.3
09:35:46,0.00,30.00,1.000,0.000,-1.000,,,CLEAR,0,26.2
09:35:47,0.01,30.00,1.000,0.000,-1.000,,,CLEAR,0,26.2
09:35:47,0.01,30.00,1.000,0.000,-1.000,,,CLEAR,0,26.2
09:35:47,0.02,30.00,1.000,0.000,-1.000,,,CLEAR,0,26.2
09:35:47,0.01,30.00,1.000,0.000,-1.000,,,CLEAR,0,26.2
09:35:47,0.01,30.00,1.000,0.000,-1.000,,,CLEAR,0,26.2
09:35:47,0.01,30.00,1.000,0.000,-1.000,,,CLEAR,0,27.9
09:35:48,0.02,30.00,1.000,0.000,-1.000,,,CLEAR,0,27.9
09:35:48,0.02,30.00,1.000,0.000,-1.000,,,CLEAR,0,27.9
09:35:48,0.02,30.00,1.000,0.000,-1.000,,,CLEAR,0,27.9
09:35:48,0.01,30.00,1.000,0.000,-1.000,,,CLEAR,0,27.9
09:35:48,0.01,30.00,1.000,0.000,-1.000,,,CLEAR,0,26.8
09:35:49,0.01,30.00,1.000,0.000,-1.000,,,CLEAR,0,26.8
09:35:49,0.01,30.00,1.000,0.000,-1.000,,,CLEAR,0,26.8
09:35:49,0.02,30.00,1.000,0.000,-1.000,,,CLEAR,0,26.8
09:35:49,0.01,30.00,1.000,0.000,-1.000,,,CLEAR,0,26.8
09:35:49,0.01,30.00,1.000,0.000,-1.000,,,CLEAR,0,26.8
09:35:49,0.02,30.00,1.000,0.000,-1.000,,,CLEAR,0,27.0
09:35:50,0.00,30.00,1.000,0.000,-1.000,,,CLEAR,0,27.0
09:35:50,0.02,30.00,1.000,0.000,-1.000,,,CLEAR,0,27.0
09:35:50,0.00,30.00,1.000,0.000,-1.000,,,CLEAR,0,27.0
09:35:50,0.01,30.00,1.000,0.000,-1.000,,,CLEAR,0,27.0
09:35:50,0.01,30.00,1.000,0.000,-1.000,,,CLEAR,0,27.0
09:35:51,0.01,30.00,1.000,0.000,-1.000,,,CLEAR,0,27.0
09:35:51,0.01,30.00,1.000,0.000,-1.000,,,CLEAR,0,27.0
09:35:51,0.01,30.00,1.000,0.000,-1.000,,,CLEAR,0,27.0
09:35:51,0.01,30.00,1.000,0.000,-1.000,,,CLEAR,0,27.0
09:35:51,0.01,30.00,1.000,0.000,-1.000,,,CLEAR,0,27.0
09:35:52,0.01,30.00,1.000,0.000,-1.000,,,CLEAR,0,26.6
09:35:52,0.01,30.00,1.000,0.000,-1.000,,,CLEAR,0,26.6
09:35:52,0.00,30.00,1.000,0.000,-1.000,,,CLEAR,0,26.6
09:35:52,0.01,30.00,1.000,0.000,-1.000,,,CLEAR,0,26.6
09:35:52,0.00,30.00,1.000,0.000,-1.000,,,CLEAR,0,26.6
09:35:52,0.01,30.00,1.000,0.000,-1.000,,,CLEAR,0,26.9
09:35:53,0.01,30.00,1.000,0.000,-1.000,,,CLEAR,0,26.9
09:35:53,0.03,30.00,1.000,0.000,-1.000,,,CLEAR,0,26.9
09:35:53,0.01,30.00,1.000,0.000,-1.000,,,CLEAR,0,26.9
09:35:53,0.01,30.00,1.000,0.000,-1.000,,,CLEAR,0,26.9
09:35:53,0.01,30.00,1.000,0.000,-1.000,,,CLEAR,0,26.9
09:35:54,0.01,30.00,1.000,0.000,-1.000,,,CLEAR,0,27.4
09:35:54,0.01,30.00,1.000,0.000,-1.000,,,CLEAR,0,27.4
09:35:54,0.00,30.00,1.000,0.000,-1.000,,,CLEAR,0,27.4
09:35:54,0.02,30.00,1.000,0.000,-1.000,,,CLEAR,0,27.4
09:35:54,0.01,30.00,1.000,0.000,-1.000,,,CLEAR,0,27.4
09:35:54,0.01,30.00,1.000,0.000,-1.000,,,CLEAR,0,27.5
09:35:55,0.02,30.00,1.000,0.000,-1.000,,,CLEAR,0,27.5
09:35:55,0.01,30.00,1.000,0.000,-1.000,,,CLEAR,0,27.5
09:35:55,0.01,30.00,1.000,0.000,-1.000,,,CLEAR,0,27.5
09:35:55,0.01,30.00,1.000,0.000,-1.000,,,CLEAR,0,27.5
09:35:55,0.01,30.00,1.000,0.000,-1.000,,,CLEAR,0,27.5
09:35:56,0.01,30.00,1.000,0.000,-1.000,,,CLEAR,0,26.9
09:35:56,0.01,30.00,1.000,0.000,-1.000,,,CLEAR,0,26.9
09:35:56,0.01,30.00,1.000,0.000,-1.000,,,CLEAR,0,26.9
09:35:56,0.01,30.00,1.000,0.000,-1.000,,,CLEAR,0,26.9
09:35:56,0.01,30.00,1.000,0.000,-1.000,,,CLEAR,0,26.9
09:35:57,0.00,30.00,1.000,0.000,-1.000,,,CLEAR,0,26.1
09:35:57,0.02,30.00,1.000,0.000,-1.000,,,CLEAR,0,26.1
09:35:57,0.02,30.00,1.000,0.000,-1.000,,,CLEAR,0,26.1
09:35:57,0.01,30.00,1.000,0.000,-1.000,,,CLEAR,0,26.1
09:35:57,0.06,30.00,1.000,0.000,-1.000,,,CLEAR,0,26.1
09:35:57,0.01,30.00,1.000,0.000,-1.000,,,CLEAR,0,26.1
09:35:58,0.01,30.00,1.000,0.000,-1.000,,,CLEAR,0,27.9
09:35:58,0.01,30.00,1.000,0.000,-1.000,,,CLEAR,0,27.9
09:35:58,0.02,30.00,1.000,0.000,-1.000,,,CLEAR,0,27.9
09:35:58,0.00,30.00,1.000,0.000,-1.000,,,CLEAR,0,27.9
09:35:58,0.02,30.00,1.000,0.000,-1.000,,,CLEAR,0,27.9
09:35:59,0.02,30.00,1.000,0.000,-1.000,,,CLEAR,0,27.5
09:35:59,0.03,30.00,1.000,0.000,-1.000,,,CLEAR,0,27.5
09:35:59,0.01,30.00,1.000,0.000,-1.000,,,CLEAR,0,27.5
09:35:59,0.01,30.00,1.000,0.000,-1.000,,,CLEAR,0,27.5
09:35:59,0.00,30.00,1.000,0.000,-1.000,,,CLEAR,0,27.5
09:35:59,0.01,30.00,1.000,0.000,-1.000,,,CLEAR,0,27.5
09:36:00,0.01,30.00,1.000,0.000,-1.000,,,CLEAR,0,27.4
09:36:00,0.02,30.00,1.000,0.000,-1.000,,,CLEAR,0,27.4
09:36:00,0.00,30.00,1.000,0.000,-1.000,,,CLEAR,0,27.4
09:36:00,0.00,30.00,1.000,0.000,-1.000,,,CLEAR,0,27.4
09:36:00,0.01,30.00,1.000,0.000,-1.000,,,CLEAR,0,27.4
09:36:01,0.02,30.00,1.000,0.000,-1.000,,,CLEAR,0,27.0
09:36:01,0.02,30.00,1.000,0.000,-1.000,,,CLEAR,0,27.0
09:36:01,0.01,30.00,1.000,0.000,-1.000,,,CLEAR,0,27.0
09:36:01,0.00,30.00,1.000,0.000,-1.000,,,CLEAR,0,27.0
09:36:01,0.02,30.00,1.000,0.000,-1.000,,,CLEAR,0,27.0
09:36:01,0.01,30.00,1.000,0.000,-1.000,,,CLEAR,0,27.0
09:36:02,0.00,30.00,1.000,0.000,-1.000,,,CLEAR,0,27.5
09:36:02,0.01,30.00,1.000,0.000,-1.000,,,CLEAR,0,27.5
09:36:02,0.02,30.00,1.000,0.000,-1.000,,,CLEAR,0,27.5
09:36:02,0.03,30.00,1.000,0.000,-1.000,,,CLEAR,0,27.5
09:36:02,0.01,30.00,1.000,0.000,-1.000,,,CLEAR,0,27.5
09:36:03,0.03,30.00,1.000,0.000,-1.000,,,CLEAR,0,27.2
09:36:03,0.01,30.00,1.000,0.000,-1.000,,,CLEAR,0,27.2
09:36:03,0.00,30.00,1.000,0.000,-1.000,,,CLEAR,0,27.2
09:36:03,0.02,30.00,1.000,0.000,-1.000,,,CLEAR,0,27.2
09:36:03,0.01,30.00,1.000,0.000,-1.000,,,CLEAR,0,27.2
09:36:03,0.02,30.00,1.000,0.000,-1.000,,,CLEAR,0,27.2
09:36:04,0.02,30.00,1.000,0.000,-1.000,,,CLEAR,0,27.9
09:36:04,0.02,30.00,1.000,0.000,-1.000,,,CLEAR,0,27.9
09:36:04,0.02,30.00,1.000,0.000,-1.000,,,CLEAR,0,27.9
09:36:04,0.01,30.00,1.000,0.000,-1.000,,,CLEAR,0,27.9
09:36:04,0.01,30.00,1.000,0.000,-1.000,,,CLEAR,0,27.9
09:36:05,0.03,30.00,1.000,0.000,-1.000,,,CLEAR,0,26.7
09:36:05,0.01,30.00,1.000,0.000,-1.000,,,CLEAR,0,26.7
09:36:05,0.00,30.00,1.000,0.000,-1.000,,,CLEAR,0,26.7
09:36:05,0.01,30.00,1.000,0.000,-1.000,,,CLEAR,0,26.7
09:36:05,0.01,30.00,1.000,0.000,-1.000,,,CLEAR,0,26.7
09:36:06,0.01,30.00,1.000,0.000,-1.000,,,CLEAR,0,26.7
09:36:06,0.01,30.00,1.000,0.000,-1.000,,,CLEAR,0,26.0
09:36:06,0.01,30.00,1.000,0.000,-1.000,,,CLEAR,0,26.0
09:36:06,0.01,30.00,1.000,0.000,-1.000,,,CLEAR,0,26.0
09:36:06,0.02,30.00,1.000,0.000,-1.000,,,CLEAR,0,26.0
09:36:06,0.01,30.00,1.000,0.000,-1.000,,,CLEAR,0,26.0
09:36:07,0.03,30.00,1.000,0.000,-1.000,,,CLEAR,0,26.7
09:36:07,0.01,30.00,1.000,0.000,-1.000,,,CLEAR,0,26.7
09:36:07,0.01,30.00,1.000,0.000,-1.000,,,CLEAR,0,26.7
09:36:07,0.02,30.00,1.000,0.000,-1.000,,,CLEAR,0,26.7
09:36:07,0.01,30.00,1.000,0.000,-1.000,,,CLEAR,0,26.7
09:36:08,0.01,30.00,1.000,0.000,-1.000,,,CLEAR,0,26.7
09:36:08,0.00,30.00,1.000,0.000,-1.000,,,CLEAR,0,27.3
09:36:08,0.01,30.00,1.000,0.000,-1.000,,,CLEAR,0,27.3
09:36:08,0.00,30.00,1.000,0.000,-1.000,,,CLEAR,0,27.3
09:36:08,0.01,30.00,1.000,0.000,-1.000,,,CLEAR,0,27.3
09:36:08,0.01,30.00,1.000,0.000,-1.000,,,CLEAR,0,27.3
09:36:09,0.00,30.00,1.000,0.000,-1.000,,,CLEAR,0,27.1
09:36:09,0.03,30.00,1.000,0.000,-1.000,,,CLEAR,0,27.1
09:36:09,0.00,30.00,1.000,0.000,-1.000,,,CLEAR,0,27.1
09:36:09,0.01,30.00,1.000,0.000,-1.000,,,CLEAR,0,27.1
09:36:09,0.00,30.00,1.000,0.000,-1.000,,,CLEAR,0,27.1
09:36:10,0.01,30.00,1.000,0.000,-1.000,,,CLEAR,0,27.1
09:36:10,0.01,30.00,1.000,0.000,-1.000,,,CLEAR,0,27.6
09:36:10,0.01,30.00,1.000,0.000,-1.000,,,CLEAR,0,27.6
09:36:10,0.02,30.00,1.000,0.000,-1.000,,,CLEAR,0,27.6
09:36:10,0.00,30.00,1.000,0.000,-1.000,,,CLEAR,0,27.6
09:36:10,0.01,30.00,1.000,0.000,-1.000,,,CLEAR,0,27.6
09:36:11,0.00,30.00,1.000,0.000,-1.000,,,CLEAR,0,26.9
09:36:11,0.01,30.00,1.000,0.000,-1.000,,,CLEAR,0,26.9
09:36:11,0.00,30.00,1.000,0.000,-1.000,,,CLEAR,0,26.9
09:36:11,0.01,30.00,1.000,0.000,-1.000,,,CLEAR,0,26.9
09:36:11,0.01,30.00,1.000,0.000,-1.000,,,CLEAR,0,26.9
09:36:12,0.01,30.00,1.000,0.000,-1.000,,,CLEAR,0,26.9
09:36:12,0.01,30.00,1.000,0.000,-1.000,,,CLEAR,0,27.0
09:36:12,0.03,30.00,1.000,0.000,-1.000,,,CLEAR,0,27.0
09:36:12,0.03,30.00,1.000,0.000,-1.000,,,CLEAR,0,27.0
09:36:12,0.02,30.00,1.000,0.000,-1.000,,,CLEAR,0,27.0
09:36:13,0.02,30.00,1.000,0.000,-1.000,,,CLEAR,0,27.0
09:36:13,0.01,30.00,1.000,0.000,-1.000,,,CLEAR,0,26.7
09:36:13,0.02,30.00,1.000,0.000,-1.000,,,CLEAR,0,26.7
09:36:13,0.01,30.00,1.000,0.000,-1.000,,,CLEAR,0,26.7
09:36:13,0.01,30.00,1.000,0.000,-1.000,,,CLEAR,0,26.7
09:36:13,0.00,30.00,1.000,0.000,-1.000,,,CLEAR,0,26.7
09:36:14,0.00,30.00,1.000,0.000,-1.000,,,CLEAR,0,26.7
09:36:14,0.01,30.00,1.000,0.000,-1.000,,,CLEAR,0,27.3
09:36:14,0.01,30.00,1.000,0.000,-1.000,,,CLEAR,0,27.3
09:36:14,0.02,30.00,1.000,0.000,-1.000,,,CLEAR,0,27.3
09:36:14,0.02,30.00,1.000,0.000,-1.000,,,CLEAR,0,27.3
09:36:15,0.01,30.00,1.000,0.000,-1.000,,,CLEAR,0,27.3
09:36:15,0.01,30.00,1.000,0.000,-1.000,,,CLEAR,0,27.3
09:36:15,0.01,30.00,1.000,0.000,-1.000,,,CLEAR,0,27.3
